Normalize 512c.csv,
5,3,1,0,
0,2073,4146,6219,8292,10365,12438,14511,16584,18657,20730,22803,24876,26949,29022,31095,33168,35241,37314,39387,41460,
41462.0,41459.8225,40943.62,26894.15,8603.4525,1945.8325,310.965,0.0,0.0,49.5975,0.0,0.0,0.0,0.0,0.0,0.0,0.0,0.0,0.0,0.0,0.0,
41462,41448,41462,41462,41462,0,0,0,0,0,0,0,0,0,0,0,0,0,0,0,0,
41462,41462,41462,0,0,0,0,0,0,0,0,0,0,0,0,0,0,0,0,0,0,
41462,41462,41462,41462,0,0,0,0,0,0,0,0,0,0,0,0,0,0,0,0,0,
41462,41462,41462,0,0,0,0,0,0,0,0,0,0,0,0,0,0,0,0,0,0,
41462,41462,41462,41462,41462,0,0,0,0,0,0,0,0,0,0,0,0,0,0,0,0,
41462,41462,41462,41462,0,0,0,0,0,0,0,0,0,0,0,0,0,0,0,0,0,
41462,41462,41462,41462,0,0,0,0,0,0,0,0,0,0,0,0,0,0,0,0,0,
41462,41462,41462,0,0,0,0,0,0,0,0,0,0,0,0,0,0,0,0,0,0,
41462,41462,41462,41462,0,0,0,0,0,0,0,0,0,0,0,0,0,0,0,0,0,
41462,41462,41462,41462,0,0,0,0,0,0,0,0,0,0,0,0,0,0,0,0,0,
41462,41462,41462,41448,0,0,0,0,0,0,0,0,0,0,0,0,0,0,0,0,0,
41462,41462,41462,41462,0,0,0,0,0,0,0,0,0,0,0,0,0,0,0,0,0,
41462,41462,41462,41462,0,0,0,0,0,0,0,0,0,0,0,0,0,0,0,0,0,
41462,41462,41462,41462,0,0,0,0,0,0,0,0,0,0,0,0,0,0,0,0,0,
41462,41462,41462,41462,0,0,0,0,0,0,0,0,0,0,0,0,0,0,0,0,0,
41462,41448,41462,41462,0,0,0,0,0,0,0,0,0,0,0,0,0,0,0,0,0,
41462,41462,41462,0,0,0,0,0,0,0,0,0,0,0,0,0,0,0,0,0,0,
41462,41462,41462,0,0,0,0,0,0,0,0,0,0,0,0,0,0,0,0,0,0,
41462,41462,41462,41462,0,0,0,0,0,0,0,0,0,0,0,0,0,0,0,0,0,
41462,41462,41462,41462,0,0,0,0,0,0,0,0,0,0,0,0,0,0,0,0,0,
41462,41462,41462,41462,0,0,0,0,0,0,0,0,0,0,0,0,0,0,0,0,0,
41462,41462,41462,0,0,0,0,0,0,0,0,0,0,0,0,0,0,0,0,0,0,
41462,41448,41462,41462,0,0,0,0,0,0,0,0,0,0,0,0,0,0,0,0,0,
41462,41462,41462,41462,0,0,0,0,0,0,0,0,0,0,0,0,0,0,0,0,0,
41462,41462,41462,41462,0,0,0,0,0,0,0,0,0,0,0,0,0,0,0,0,0,
41462,41462,41462,41462,0,0,0,0,0,0,0,0,0,0,0,0,0,0,0,0,0,
41462,41448,41462,41462,0,0,0,0,0,0,0,0,0,0,0,0,0,0,0,0,0,
41462,41462,41462,0,0,0,0,0,0,0,0,0,0,0,0,0,0,0,0,0,0,
41462,41448,41462,0,0,0,0,0,0,0,0,0,0,0,0,0,0,0,0,0,0,
41462,41462,41462,0,0,0,0,0,0,0,0,0,0,0,0,0,0,0,0,0,0,
41462,41462,41462,0,41462,0,0,0,0,0,0,0,0,0,0,0,0,0,0,0,0,
41462,41462,41462,41462,0,0,0,0,0,0,0,0,0,0,0,0,0,0,0,0,0,
41462,41462,41462,41462,0,41462,0,0,0,0,0,0,0,0,0,0,0,0,0,0,0,
41462,41462,41462,41462,0,41462,0,0,0,0,0,0,0,0,0,0,0,0,0,0,0,
41462,41448,41462,41462,0,0,0,0,0,0,0,0,0,0,0,0,0,0,0,0,0,
41462,41462,41462,41462,41462,0,0,0,0,0,0,0,0,0,0,0,0,0,0,0,0,
41462,41462,41462,0,0,0,0,0,0,0,0,0,0,0,0,0,0,0,0,0,0,
41462,41462,41462,41462,41462,0,0,0,0,0,0,0,0,0,0,0,0,0,0,0,0,
41462,41462,41462,41462,0,0,0,0,0,0,0,0,0,0,0,0,0,0,0,0,0,
41462,41462,41462,41462,0,0,0,0,0,0,0,0,0,0,0,0,0,0,0,0,0,
41462,41462,41462,41462,41462,0,0,0,0,0,0,0,0,0,0,0,0,0,0,0,0,
41462,41462,41462,41462,0,0,0,0,0,0,0,0,0,0,0,0,0,0,0,0,0,
41462,41462,41462,41462,0,0,0,0,0,0,0,0,0,0,0,0,0,0,0,0,0,
41462,41462,41462,0,0,0,0,0,0,0,0,0,0,0,0,0,0,0,0,0,0,
41462,41462,41462,41462,41462,0,0,0,0,0,0,0,0,0,0,0,0,0,0,0,0,
41462,41462,41462,0,0,0,41462,0,0,0,0,0,0,0,0,0,0,0,0,0,0,
41462,41462,41462,41462,41462,0,0,0,0,0,0,0,0,0,0,0,0,0,0,0,0,
41462,41462,41462,0,41462,0,0,0,0,0,0,0,0,0,0,0,0,0,0,0,0,
41462,41462,41462,41462,0,0,0,0,0,0,0,0,0,0,0,0,0,0,0,0,0,
41462,41462,41462,0,0,0,0,0,0,0,0,0,0,0,0,0,0,0,0,0,0,
41462,41462,41462,41462,0,0,0,0,0,0,0,0,0,0,0,0,0,0,0,0,0,
41462,41462,41462,41462,0,0,0,0,0,0,0,0,0,0,0,0,0,0,0,0,0,
41462,41462,41462,41462,0,0,0,0,0,0,0,0,0,0,0,0,0,0,0,0,0,
41462,41462,41462,0,0,0,0,0,0,0,0,0,0,0,0,0,0,0,0,0,0,
41462,41462,41462,41462,0,0,0,0,0,0,0,0,0,0,0,0,0,0,0,0,0,
41462,41462,41462,0,0,0,0,0,0,0,0,0,0,0,0,0,0,0,0,0,0,
41462,41462,41462,41462,41462,0,0,0,0,0,0,0,0,0,0,0,0,0,0,0,0,
41462,41462,41462,41462,41462,0,0,0,0,0,0,0,0,0,0,0,0,0,0,0,0,
41462,41462,41448,41462,0,0,0,0,0,0,0,0,0,0,0,0,0,0,0,0,0,
41462,41462,41448,41462,0,0,0,0,0,0,0,0,0,0,0,0,0,0,0,0,0,
41462,41462,41462,41462,0,0,0,0,0,0,0,0,0,0,0,0,0,0,0,0,0,
41462,41462,41462,0,0,0,0,0,0,0,0,0,0,0,0,0,0,0,0,0,0,
41462,41462,41462,41462,0,0,0,0,0,0,0,0,0,0,0,0,0,0,0,0,0,
41462,41462,41462,41462,41462,41462,0,0,0,0,0,0,0,0,0,0,0,0,0,0,0,
41462,41462,41462,41462,41462,0,0,0,0,0,0,0,0,0,0,0,0,0,0,0,0,
41462,41462,41462,0,41462,0,0,0,0,0,0,0,0,0,0,0,0,0,0,0,0,
41462,41448,41462,41462,0,0,0,0,0,0,0,0,0,0,0,0,0,0,0,0,0,
41462,41462,41462,41462,0,0,0,0,0,0,0,0,0,0,0,0,0,0,0,0,0,
41462,41462,41462,0,0,0,0,0,0,0,0,0,0,0,0,0,0,0,0,0,0,
41462,41462,41462,41462,0,0,0,0,0,0,0,0,0,0,0,0,0,0,0,0,0,
41462,41462,41462,41462,0,0,0,0,0,0,0,0,0,0,0,0,0,0,0,0,0,
41462,41462,41462,41462,0,0,0,0,0,0,0,0,0,0,0,0,0,0,0,0,0,
41462,41462,41462,0,0,0,0,0,0,0,0,0,0,0,0,0,0,0,0,0,0,
41462,41462,41462,0,41462,0,0,0,0,0,0,0,0,0,0,0,0,0,0,0,0,
41462,41462,41462,41462,0,0,0,0,0,0,0,0,0,0,0,0,0,0,0,0,0,
41462,41462,41462,0,0,0,0,0,0,0,0,0,0,0,0,0,0,0,0,0,0,
41462,41462,41462,41462,0,0,0,0,0,0,0,0,0,0,0,0,0,0,0,0,0,
41462,41462,41462,41462,41462,0,0,0,0,0,0,0,0,0,0,0,0,0,0,0,0,
41462,41462,41462,0,0,0,0,0,0,0,0,0,0,0,0,0,0,0,0,0,0,
41462,41462,41462,41462,41462,0,0,0,0,0,0,0,0,0,0,0,0,0,0,0,0,
41462,41462,41462,41462,0,0,0,0,0,0,0,0,0,0,0,0,0,0,0,0,0,
41462,41462,41462,0,0,0,0,0,0,0,0,0,0,0,0,0,0,0,0,0,0,
41462,41462,41462,41462,0,0,0,0,0,0,0,0,0,0,0,0,0,0,0,0,0,
41462,41462,41462,0,0,0,0,0,0,0,0,0,0,0,0,0,0,0,0,0,0,
41462,41448,41462,0,0,0,0,0,0,0,0,0,0,0,0,0,0,0,0,0,0,
41462,41462,41462,41462,41462,0,0,0,0,0,0,0,0,0,0,0,0,0,0,0,0,
41462,41462,41462,0,0,0,0,0,0,0,0,0,0,0,0,0,0,0,0,0,0,
41462,41462,41462,0,0,0,0,0,0,0,0,0,0,0,0,0,0,0,0,0,0,
41462,41462,41462,41462,0,0,0,0,0,0,0,0,0,0,0,0,0,0,0,0,0,
41462,41462,41462,8985,41462,0,0,0,0,0,0,0,0,0,0,0,0,0,0,0,0,
41462,41462,41462,41462,0,0,0,0,0,0,0,0,0,0,0,0,0,0,0,0,0,
41462,41462,41462,41462,0,0,0,0,0,0,0,0,0,0,0,0,0,0,0,0,0,
41462,41462,41462,41462,0,0,0,0,0,0,0,0,0,0,0,0,0,0,0,0,0,
41462,41462,41462,0,41462,0,0,0,0,0,0,0,0,0,0,0,0,0,0,0,0,
41462,41462,41462,41462,0,0,0,0,0,0,0,0,0,0,0,0,0,0,0,0,0,
41462,41462,41462,41462,0,0,0,0,0,0,0,0,0,0,0,0,0,0,0,0,0,
41462,41448,41462,0,0,0,0,0,0,0,0,0,0,0,0,0,0,0,0,0,0,
41462,41462,41462,0,41462,0,0,0,0,0,0,0,0,0,0,0,0,0,0,0,0,
41462,41462,41462,0,0,0,0,0,0,0,0,0,0,0,0,0,0,0,0,0,0,
41462,41462,41462,41462,0,0,0,0,0,0,0,0,0,0,0,0,0,0,0,0,0,
41462,41462,41462,0,0,0,0,0,0,0,0,0,0,0,0,0,0,0,0,0,0,
41462,41462,41462,41462,0,0,0,0,0,0,0,0,0,0,0,0,0,0,0,0,0,
41462,41462,41462,41462,41462,0,0,0,0,0,0,0,0,0,0,0,0,0,0,0,0,
41462,41462,41462,41462,0,0,0,0,0,0,0,0,0,0,0,0,0,0,0,0,0,
41462,41462,41462,41462,0,0,0,0,0,0,0,0,0,0,0,0,0,0,0,0,0,
41462,41462,41462,41462,0,0,0,0,0,0,0,0,0,0,0,0,0,0,0,0,0,
41462,41462,41462,41462,0,0,41462,0,0,0,0,0,0,0,0,0,0,0,0,0,0,
41462,41462,41462,0,0,0,0,0,0,0,0,0,0,0,0,0,0,0,0,0,0,
41462,41462,41462,0,0,0,0,0,0,0,0,0,0,0,0,0,0,0,0,0,0,
41462,41462,41462,41462,41462,0,0,0,0,0,0,0,0,0,0,0,0,0,0,0,0,
41462,41462,41462,0,0,0,0,0,0,0,0,0,0,0,0,0,0,0,0,0,0,
41462,41462,41462,0,0,0,0,0,0,0,0,0,0,0,0,0,0,0,0,0,0,
41462,41462,41462,0,0,0,0,0,0,0,0,0,0,0,0,0,0,0,0,0,0,
41462,41462,41462,41462,0,0,0,0,0,0,0,0,0,0,0,0,0,0,0,0,0,
41462,41462,41462,0,0,0,0,0,0,0,0,0,0,0,0,0,0,0,0,0,0,
41462,41462,41462,41462,0,0,0,0,0,0,0,0,0,0,0,0,0,0,0,0,0,
41462,41462,41462,41462,0,0,0,0,0,0,0,0,0,0,0,0,0,0,0,0,0,
41462,41448,41462,41462,41462,0,0,0,0,0,0,0,0,0,0,0,0,0,0,0,0,
41462,41462,41462,0,0,0,0,0,0,0,0,0,0,0,0,0,0,0,0,0,0,
41462,41462,41462,41462,41462,0,0,0,0,0,0,0,0,0,0,0,0,0,0,0,0,
41462,41462,41462,41462,0,0,0,0,0,0,0,0,0,0,0,0,0,0,0,0,0,
41462,41462,41462,41462,0,0,0,0,0,0,0,0,0,0,0,0,0,0,0,0,0,
41462,41462,41462,41462,41462,0,0,0,0,0,0,0,0,0,0,0,0,0,0,0,0,
41462,41462,41462,41462,0,0,0,0,0,0,0,0,0,0,0,0,0,0,0,0,0,
41462,41462,41462,0,41462,0,0,0,0,0,0,0,0,0,0,0,0,0,0,0,0,
41462,41462,41462,0,0,0,0,0,0,0,0,0,0,0,0,0,0,0,0,0,0,
41462,41462,41462,41462,0,0,0,0,0,0,0,0,0,0,0,0,0,0,0,0,0,
41462,41462,41462,41462,0,0,0,0,0,0,0,0,0,0,0,0,0,0,0,0,0,
41462,41462,41462,0,0,0,0,0,0,0,0,0,0,0,0,0,0,0,0,0,0,
41462,41462,41462,41462,41462,0,0,0,0,0,0,0,0,0,0,0,0,0,0,0,0,
41462,41462,41462,41462,0,0,0,0,0,0,0,0,0,0,0,0,0,0,0,0,0,
41462,41462,41462,41462,41462,0,0,0,0,0,0,0,0,0,0,0,0,0,0,0,0,
41462,41462,41462,41462,0,0,0,0,0,0,0,0,0,0,0,0,0,0,0,0,0,
41462,41462,41462,41462,41462,0,0,0,0,0,0,0,0,0,0,0,0,0,0,0,0,
41462,41462,41462,0,0,0,0,0,0,0,0,0,0,0,0,0,0,0,0,0,0,
41462,41462,0,41462,0,0,0,0,0,0,0,0,0,0,0,0,0,0,0,0,0,
41462,41462,41462,41462,0,0,0,0,0,0,0,0,0,0,0,0,0,0,0,0,0,
41462,41462,41462,41462,0,0,0,0,0,0,0,0,0,0,0,0,0,0,0,0,0,
41462,41462,41462,41462,41462,0,0,0,0,0,0,0,0,0,0,0,0,0,0,0,0,
41462,41462,41462,41462,0,0,0,0,0,0,0,0,0,0,0,0,0,0,0,0,0,
41462,41462,41462,41462,0,0,0,0,0,0,0,0,0,0,0,0,0,0,0,0,0,
41462,41462,41462,41462,0,0,0,0,0,0,0,0,0,0,0,0,0,0,0,0,0,
41462,41462,41462,41462,0,0,0,0,0,0,0,0,0,0,0,0,0,0,0,0,0,
41462,41462,41462,0,0,0,0,0,0,0,0,0,0,0,0,0,0,0,0,0,0,
41462,41462,41462,41462,0,0,0,0,0,0,0,0,0,0,0,0,0,0,0,0,0,
41462,41462,41462,41462,0,41462,0,0,0,0,0,0,0,0,0,0,0,0,0,0,0,
41462,41462,41462,0,0,0,0,0,0,0,0,0,0,0,0,0,0,0,0,0,0,
41462,41462,41462,0,0,0,0,0,0,0,0,0,0,0,0,0,0,0,0,0,0,
41462,41462,41462,0,41462,0,0,0,0,0,0,0,0,0,0,0,0,0,0,0,0,
41462,41462,41462,0,0,41462,0,0,0,0,0,0,0,0,0,0,0,0,0,0,0,
41462,41462,41462,0,41462,0,0,0,0,0,0,0,0,0,0,0,0,0,0,0,0,
41462,41462,41462,41462,0,0,0,0,0,0,0,0,0,0,0,0,0,0,0,0,0,
41462,41462,41462,41462,41462,0,0,0,0,0,0,0,0,0,0,0,0,0,0,0,0,
41462,41462,41462,41462,0,0,0,0,0,0,0,0,0,0,0,0,0,0,0,0,0,
41462,41462,41462,41462,0,0,0,0,0,0,0,0,0,0,0,0,0,0,0,0,0,
41462,41462,41448,41462,0,0,0,0,0,0,0,0,0,0,0,0,0,0,0,0,0,
41462,41462,41462,0,0,0,0,0,0,0,0,0,0,0,0,0,0,0,0,0,0,
41462,41462,41462,41462,0,41462,0,0,0,0,0,0,0,0,0,0,0,0,0,0,0,
41462,41462,41462,41462,0,0,0,0,0,0,0,0,0,0,0,0,0,0,0,0,0,
41462,41462,41462,41462,0,0,0,0,0,19839,0,0,0,0,0,0,0,0,0,0,0,
41462,41462,41462,41462,0,0,0,0,0,0,0,0,0,0,0,0,0,0,0,0,0,
41462,41462,41462,41462,0,0,0,0,0,0,0,0,0,0,0,0,0,0,0,0,0,
41462,41462,41462,41462,0,0,0,0,0,0,0,0,0,0,0,0,0,0,0,0,0,
41462,41462,41462,41462,0,0,0,0,0,0,0,0,0,0,0,0,0,0,0,0,0,
41462,41462,41462,0,41462,0,0,0,0,0,0,0,0,0,0,0,0,0,0,0,0,
41462,41462,41462,0,0,0,0,0,0,0,0,0,0,0,0,0,0,0,0,0,0,
41462,41462,41462,41462,0,41462,0,0,0,0,0,0,0,0,0,0,0,0,0,0,0,
41462,41462,41462,41462,41462,0,0,0,0,0,0,0,0,0,0,0,0,0,0,0,0,
41462,41462,41462,41462,0,0,0,0,0,0,0,0,0,0,0,0,0,0,0,0,0,
41462,41462,41462,41462,0,0,0,0,0,0,0,0,0,0,0,0,0,0,0,0,0,
41462,41462,41462,41462,0,0,0,0,0,0,0,0,0,0,0,0,0,0,0,0,0,
41462,41434,41462,41462,0,0,0,0,0,0,0,0,0,0,0,0,0,0,0,0,0,
41462,41462,41462,41462,0,0,0,0,0,0,0,0,0,0,0,0,0,0,0,0,0,
41462,41462,41462,41462,0,0,0,0,0,0,0,0,0,0,0,0,0,0,0,0,0,
41462,41462,41462,41462,0,0,0,0,0,0,0,0,0,0,0,0,0,0,0,0,0,
41462,41462,41462,41462,0,0,0,0,0,0,0,0,0,0,0,0,0,0,0,0,0,
41462,41462,41462,41462,0,0,0,0,0,0,0,0,0,0,0,0,0,0,0,0,0,
41462,41462,41462,41462,0,0,0,0,0,0,0,0,0,0,0,0,0,0,0,0,0,
41462,41462,41462,17085,0,0,0,0,0,0,0,0,0,0,0,0,0,0,0,0,0,
41462,41462,41462,0,0,0,0,0,0,0,0,0,0,0,0,0,0,0,0,0,0,
41462,41462,41462,0,0,0,0,0,0,0,0,0,0,0,0,0,0,0,0,0,0,
41462,41448,41462,0,0,0,0,0,0,0,0,0,0,0,0,0,0,0,0,0,0,
41462,41462,41462,41462,0,0,0,0,0,0,0,0,0,0,0,0,0,0,0,0,0,
41462,41462,41462,41462,0,0,0,0,0,0,0,0,0,0,0,0,0,0,0,0,0,
41462,41462,41462,41462,41462,0,0,0,0,0,0,0,0,0,0,0,0,0,0,0,0,
41462,41448,41462,0,0,0,0,0,0,0,0,0,0,0,0,0,0,0,0,0,0,
41462,41462,41462,41462,0,0,0,0,0,0,0,0,0,0,0,0,0,0,0,0,0,
41462,41462,41462,0,0,0,0,0,0,0,0,0,0,0,0,0,0,0,0,0,0,
41462,41462,41462,41462,0,0,0,0,0,0,0,0,0,0,0,0,0,0,0,0,0,
41462,41462,41462,0,0,0,0,0,0,0,0,0,0,0,0,0,0,0,0,0,0,
41462,41462,41462,41462,0,0,0,0,0,0,0,0,0,0,0,0,0,0,0,0,0,
41462,41462,41462,41462,0,0,0,0,0,0,0,0,0,0,0,0,0,0,0,0,0,
41462,41462,41462,0,41462,0,0,0,0,0,0,0,0,0,0,0,0,0,0,0,0,
41462,41462,41462,0,41462,0,0,0,0,0,0,0,0,0,0,0,0,0,0,0,0,
41462,41462,41462,41462,41462,0,0,0,0,0,0,0,0,0,0,0,0,0,0,0,0,
41462,41462,41462,41462,41462,0,0,0,0,0,0,0,0,0,0,0,0,0,0,0,0,
41462,41462,41462,0,0,0,0,0,0,0,0,0,0,0,0,0,0,0,0,0,0,
41462,41462,41462,41462,41462,0,0,0,0,0,0,0,0,0,0,0,0,0,0,0,0,
41462,41462,41462,41462,0,0,0,0,0,0,0,0,0,0,0,0,0,0,0,0,0,
41462,41462,41462,41462,0,0,0,0,0,0,0,0,0,0,0,0,0,0,0,0,0,
41462,41462,41462,41462,0,0,0,0,0,0,0,0,0,0,0,0,0,0,0,0,0,
41462,41448,0,41462,0,0,0,0,0,0,0,0,0,0,0,0,0,0,0,0,0,
41462,41462,41462,34338,0,0,0,0,0,0,0,0,0,0,0,0,0,0,0,0,0,
41462,41462,41462,0,0,0,0,0,0,0,0,0,0,0,0,0,0,0,0,0,0,
41462,41462,41462,41462,0,0,0,0,0,0,0,0,0,0,0,0,0,0,0,0,0,
41462,41462,41462,0,0,0,0,0,0,0,0,0,0,0,0,0,0,0,0,0,0,
41462,41462,41462,41462,41462,0,0,0,0,0,0,0,0,0,0,0,0,0,0,0,0,
41462,41462,41462,17,0,0,0,0,0,0,0,0,0,0,0,0,0,0,0,0,0,
41462,41462,41462,41462,0,0,0,0,0,0,0,0,0,0,0,0,0,0,0,0,0,
41462,41462,41462,0,0,17,0,0,0,0,0,0,0,0,0,0,0,0,0,0,0,
41462,41462,41462,0,0,0,0,0,0,0,0,0,0,0,0,0,0,0,0,0,0,
41462,41462,41462,41462,0,0,0,0,0,0,0,0,0,0,0,0,0,0,0,0,0,
41462,41462,41462,41462,0,0,0,0,0,0,0,0,0,0,0,0,0,0,0,0,0,
41462,41462,41462,17,41462,0,0,0,0,0,0,0,0,0,0,0,0,0,0,0,0,
41462,41462,41462,0,0,0,0,0,0,0,0,0,0,0,0,0,0,0,0,0,0,
41462,41462,41462,41462,18,0,0,0,0,0,0,0,0,0,0,0,0,0,0,0,0,
41462,41462,41462,0,0,0,0,0,0,0,0,0,0,0,0,0,0,0,0,0,0,
41462,41462,41462,41462,0,41462,0,0,0,0,0,0,0,0,0,0,0,0,0,0,0,
41462,41462,41462,41462,41462,0,0,0,0,0,0,0,0,0,0,0,0,0,0,0,0,
41462,41462,41462,41462,41462,0,0,0,0,0,0,0,0,0,0,0,0,0,0,0,0,
41462,41462,41462,18,0,41462,0,0,0,0,0,0,0,0,0,0,0,0,0,0,0,
41462,41462,41462,41462,0,0,0,0,0,0,0,0,0,0,0,0,0,0,0,0,0,
41462,41462,41462,41462,41462,0,0,0,0,0,0,0,0,0,0,0,0,0,0,0,0,
41462,41462,41462,0,0,0,0,0,0,0,0,0,0,0,0,0,0,0,0,0,0,
41462,41462,41462,41462,0,0,0,0,0,0,0,0,0,0,0,0,0,0,0,0,0,
41462,41462,41462,0,0,0,0,0,0,0,0,0,0,0,0,0,0,0,0,0,0,
41462,41448,41462,0,0,0,0,0,0,0,0,0,0,0,0,0,0,0,0,0,0,
41462,41462,41462,0,0,0,0,0,0,0,0,0,0,0,0,0,0,0,0,0,0,
41462,41462,41462,41462,0,0,0,0,0,0,0,0,0,0,0,0,0,0,0,0,0,
41462,41462,41462,41462,41462,0,0,0,0,0,0,0,0,0,0,0,0,0,0,0,0,
41462,41462,41462,41462,0,0,41462,0,0,0,0,0,0,0,0,0,0,0,0,0,0,
41462,41462,41462,0,0,41462,0,0,0,0,0,0,0,0,0,0,0,0,0,0,0,
41462,41462,41462,41462,0,0,0,0,0,0,0,0,0,0,0,0,0,0,0,0,0,
41462,41462,41462,41462,41462,0,0,0,0,0,0,0,0,0,0,0,0,0,0,0,0,
41462,41462,41462,0,0,0,0,0,0,0,0,0,0,0,0,0,0,0,0,0,0,
41462,41462,41462,41462,0,0,0,0,0,0,0,0,0,0,0,0,0,0,0,0,0,
41462,41462,41462,0,0,0,0,0,0,0,0,0,0,0,0,0,0,0,0,0,0,
41462,41462,41462,41462,41462,0,0,0,0,0,0,0,0,0,0,0,0,0,0,0,0,
41462,41462,41462,41462,0,0,0,0,0,0,0,0,0,0,0,0,0,0,0,0,0,
41462,41462,41462,0,0,0,0,0,0,0,0,0,0,0,0,0,0,0,0,0,0,
41462,41462,41462,41462,0,0,0,0,0,0,0,0,0,0,0,0,0,0,0,0,0,
41462,41462,41462,41462,0,0,0,0,0,0,0,0,0,0,0,0,0,0,0,0,0,
41462,41462,41462,0,0,0,0,0,0,0,0,0,0,0,0,0,0,0,0,0,0,
41462,41462,41462,41462,41462,0,0,0,0,0,0,0,0,0,0,0,0,0,0,0,0,
41462,41462,41462,41462,0,0,0,0,0,0,0,0,0,0,0,0,0,0,0,0,0,
41462,41462,41462,41462,0,0,0,0,0,0,0,0,0,0,0,0,0,0,0,0,0,
41462,41462,41462,0,0,0,0,0,0,0,0,0,0,0,0,0,0,0,0,0,0,
41462,41462,41462,41462,41462,0,0,0,0,0,0,0,0,0,0,0,0,0,0,0,0,
41462,41462,41462,41462,0,0,0,0,0,0,0,0,0,0,0,0,0,0,0,0,0,
41462,41462,41462,41462,0,0,0,0,0,0,0,0,0,0,0,0,0,0,0,0,0,
41462,41462,41462,0,0,0,0,0,0,0,0,0,0,0,0,0,0,0,0,0,0,
41462,41462,41462,41462,0,0,0,0,0,0,0,0,0,0,0,0,0,0,0,0,0,
41462,41462,41462,41462,0,0,0,0,0,0,0,0,0,0,0,0,0,0,0,0,0,
41462,41462,41462,41462,0,0,0,0,0,0,0,0,0,0,0,0,0,0,0,0,0,
41462,41462,41462,0,0,0,0,0,0,0,0,0,0,0,0,0,0,0,0,0,0,
41462,41462,41462,0,0,0,0,0,0,0,0,0,0,0,0,0,0,0,0,0,0,
41462,41462,0,41462,0,0,0,0,0,0,0,0,0,0,0,0,0,0,0,0,0,
41462,41462,41462,41462,0,0,0,0,0,0,0,0,0,0,0,0,0,0,0,0,0,
41462,41462,41462,41462,0,0,0,0,0,0,0,0,0,0,0,0,0,0,0,0,0,
41462,41462,41462,41462,0,0,0,0,0,0,0,0,0,0,0,0,0,0,0,0,0,
41462,41462,41462,41462,0,0,0,0,0,0,0,0,0,0,0,0,0,0,0,0,0,
41462,41434,41462,41462,0,0,0,0,0,0,0,0,0,0,0,0,0,0,0,0,0,
41462,41448,41462,41462,0,41462,0,0,0,0,0,0,0,0,0,0,0,0,0,0,0,
41462,41462,41462,41462,0,0,0,0,0,0,0,0,0,0,0,0,0,0,0,0,0,
41462,41462,41462,0,0,0,0,0,0,0,0,0,0,0,0,0,0,0,0,0,0,
41462,41462,41462,41462,0,0,0,0,0,0,0,0,0,0,0,0,0,0,0,0,0,
41462,41462,41462,41462,41462,0,0,0,0,0,0,0,0,0,0,0,0,0,0,0,0,
41462,41462,41462,0,0,0,0,0,0,0,0,0,0,0,0,0,0,0,0,0,0,
41462,41462,41462,0,41462,0,0,0,0,0,0,0,0,0,0,0,0,0,0,0,0,
41462,41462,41462,0,41462,0,0,0,0,0,0,0,0,0,0,0,0,0,0,0,0,
41462,41462,41462,0,0,0,0,0,0,0,0,0,0,0,0,0,0,0,0,0,0,
41462,41462,41462,41462,0,0,0,0,0,0,0,0,0,0,0,0,0,0,0,0,0,
41462,41462,41462,41462,41462,0,0,0,0,0,0,0,0,0,0,0,0,0,0,0,0,
41462,41462,41462,41462,0,0,0,0,0,0,0,0,0,0,0,0,0,0,0,0,0,
41462,41448,41462,0,0,0,0,0,0,0,0,0,0,0,0,0,0,0,0,0,0,
41462,41462,41462,41462,0,0,0,0,0,0,0,0,0,0,0,0,0,0,0,0,0,
41462,41462,41462,41462,0,0,0,0,0,0,0,0,0,0,0,0,0,0,0,0,0,
41462,41462,41462,41462,0,0,0,0,0,0,0,0,0,0,0,0,0,0,0,0,0,
41462,41462,41462,41462,0,0,0,0,0,0,0,0,0,0,0,0,0,0,0,0,0,
41462,41462,41462,41462,0,0,0,0,0,0,0,0,0,0,0,0,0,0,0,0,0,
41462,41462,41462,0,0,0,0,0,0,0,0,0,0,0,0,0,0,0,0,0,0,
41462,40899,41462,41462,0,0,0,0,0,0,0,0,0,0,0,0,0,0,0,0,0,
41462,41462,41462,41462,0,0,0,0,0,0,0,0,0,0,0,0,0,0,0,0,0,
41462,41462,41462,0,41462,0,0,0,0,0,0,0,0,0,0,0,0,0,0,0,0,
41462,41462,41462,41462,0,0,0,0,0,0,0,0,0,0,0,0,0,0,0,0,0,
41462,41462,41462,41462,0,41462,0,0,0,0,0,0,0,0,0,0,0,0,0,0,0,
41462,41462,41462,41462,0,0,0,0,0,0,0,0,0,0,0,0,0,0,0,0,0,
41462,41462,41462,41462,41462,0,0,0,0,0,0,0,0,0,0,0,0,0,0,0,0,
41462,41462,41462,0,0,41462,0,0,0,0,0,0,0,0,0,0,0,0,0,0,0,
41462,41462,41462,41462,0,0,0,0,0,0,0,0,0,0,0,0,0,0,0,0,0,
41462,41462,41462,41462,41462,0,0,0,0,0,0,0,0,0,0,0,0,0,0,0,0,
41462,41462,41462,41462,41462,0,0,0,0,0,0,0,0,0,0,0,0,0,0,0,0,
41462,41462,41462,41462,41462,41462,0,0,0,0,0,0,0,0,0,0,0,0,0,0,0,
41462,41448,41462,41462,41462,0,0,0,0,0,0,0,0,0,0,0,0,0,0,0,0,
41462,41462,41462,41462,0,0,0,0,0,0,0,0,0,0,0,0,0,0,0,0,0,
41462,41462,41462,0,0,0,0,0,0,0,0,0,0,0,0,0,0,0,0,0,0,
41462,41462,41462,0,0,0,0,0,0,0,0,0,0,0,0,0,0,0,0,0,0,
41462,41462,41462,0,0,0,0,0,0,0,0,0,0,0,0,0,0,0,0,0,0,
41462,41462,41462,41462,0,0,0,0,0,0,0,0,0,0,0,0,0,0,0,0,0,
41462,41462,41462,41462,0,0,0,0,0,0,0,0,0,0,0,0,0,0,0,0,0,
41462,41462,41462,0,0,0,0,0,0,0,0,0,0,0,0,0,0,0,0,0,0,
41462,41462,41462,41462,0,0,0,0,0,0,0,0,0,0,0,0,0,0,0,0,0,
41462,41462,41462,0,0,0,0,0,0,0,0,0,0,0,0,0,0,0,0,0,0,
41462,41462,41462,0,41462,0,0,0,0,0,0,0,0,0,0,0,0,0,0,0,0,
41462,41462,41462,41462,0,0,0,0,0,0,0,0,0,0,0,0,0,0,0,0,0,
41462,41462,41462,41462,0,0,0,0,0,0,0,0,0,0,0,0,0,0,0,0,0,
41462,41462,41462,0,0,17,0,0,0,0,0,0,0,0,0,0,0,0,0,0,0,
41462,41462,41462,41462,0,0,0,0,0,0,0,0,0,0,0,0,0,0,0,0,0,
41462,41462,41462,0,0,0,0,0,0,0,0,0,0,0,0,0,0,0,0,0,0,
41462,41462,41462,0,0,0,0,0,0,0,0,0,0,0,0,0,0,0,0,0,0,
41462,41462,41462,41462,0,0,0,0,0,0,0,0,0,0,0,0,0,0,0,0,0,
41462,41462,41462,41462,41462,0,0,0,0,0,0,0,0,0,0,0,0,0,0,0,0,
41462,41462,0,0,0,0,0,0,0,0,0,0,0,0,0,0,0,0,0,0,0,
41462,41462,41462,41462,0,0,0,0,0,0,0,0,0,0,0,0,0,0,0,0,0,
41462,41462,41462,41462,0,0,0,0,0,0,0,0,0,0,0,0,0,0,0,0,0,
41462,41462,41462,41462,0,0,0,0,0,0,0,0,0,0,0,0,0,0,0,0,0,
41462,41462,41462,0,0,0,0,0,0,0,0,0,0,0,0,0,0,0,0,0,0,
41462,41462,41462,41462,41462,0,0,0,0,0,0,0,0,0,0,0,0,0,0,0,0,
41462,41462,41462,41462,0,0,0,0,0,0,0,0,0,0,0,0,0,0,0,0,0,
41462,41462,41462,41462,0,0,0,0,0,0,0,0,0,0,0,0,0,0,0,0,0,
41462,41462,41462,0,0,0,0,0,0,0,0,0,0,0,0,0,0,0,0,0,0,
41462,41462,41462,0,0,0,0,0,0,0,0,0,0,0,0,0,0,0,0,0,0,
41462,41462,41462,41462,41462,0,0,0,0,0,0,0,0,0,0,0,0,0,0,0,0,
41462,41462,41462,41462,0,41462,0,0,0,0,0,0,0,0,0,0,0,0,0,0,0,
41462,41462,41462,41462,41462,0,0,0,0,0,0,0,0,0,0,0,0,0,0,0,0,
41462,41462,41462,41462,0,0,0,0,0,0,0,0,0,0,0,0,0,0,0,0,0,
41462,41462,41462,41462,0,16113,0,0,0,0,0,0,0,0,0,0,0,0,0,0,0,
41462,41462,41462,41462,41462,0,0,0,0,0,0,0,0,0,0,0,0,0,0,0,0,
41462,41462,41462,41462,0,0,0,0,0,0,0,0,0,0,0,0,0,0,0,0,0,
41462,41462,41462,0,0,0,0,0,0,0,0,0,0,0,0,0,0,0,0,0,0,
41462,41462,41462,41462,0,0,0,0,0,0,0,0,0,0,0,0,0,0,0,0,0,
41462,41462,41462,41462,0,0,0,0,0,0,0,0,0,0,0,0,0,0,0,0,0,
41462,41462,41462,0,0,0,0,0,0,0,0,0,0,0,0,0,0,0,0,0,0,
41462,41462,41462,41462,0,0,0,0,0,0,0,0,0,0,0,0,0,0,0,0,0,
41462,41462,41462,0,0,0,0,0,0,0,0,0,0,0,0,0,0,0,0,0,0,
41462,41462,41462,41462,0,0,0,0,0,0,0,0,0,0,0,0,0,0,0,0,0,
41462,41462,41462,41462,41462,0,0,0,0,0,0,0,0,0,0,0,0,0,0,0,0,
41462,41462,41462,41462,0,0,0,0,0,0,0,0,0,0,0,0,0,0,0,0,0,
41462,41462,41462,41462,0,0,0,0,0,0,0,0,0,0,0,0,0,0,0,0,0,
41462,41462,41462,0,0,0,0,0,0,0,0,0,0,0,0,0,0,0,0,0,0,
41462,41462,41462,41462,0,0,0,0,0,0,0,0,0,0,0,0,0,0,0,0,0,
41462,41462,41462,0,0,0,0,0,0,0,0,0,0,0,0,0,0,0,0,0,0,
41462,41462,41462,0,0,0,0,0,0,0,0,0,0,0,0,0,0,0,0,0,0,
41462,41462,41462,41462,0,0,0,0,0,0,0,0,0,0,0,0,0,0,0,0,0,
41462,41462,41462,0,41462,0,0,0,0,0,0,0,0,0,0,0,0,0,0,0,0,
41462,41462,41462,41462,41462,0,0,0,0,0,0,0,0,0,0,0,0,0,0,0,0,
41462,41462,41462,0,0,0,0,0,0,0,0,0,0,0,0,0,0,0,0,0,0,
41462,41462,41462,41462,0,0,0,0,0,0,0,0,0,0,0,0,0,0,0,0,0,
41462,41462,41462,41462,0,0,0,0,0,0,0,0,0,0,0,0,0,0,0,0,0,
41462,41462,41462,0,0,0,0,0,0,0,0,0,0,0,0,0,0,0,0,0,0,
41462,41462,41462,0,0,0,0,0,0,0,0,0,0,0,0,0,0,0,0,0,0,
41462,41462,41462,41462,41462,0,0,0,0,0,0,0,0,0,0,0,0,0,0,0,0,
41462,41462,41462,41462,41462,0,0,0,0,0,0,0,0,0,0,0,0,0,0,0,0,
41462,41462,41462,41462,0,0,0,0,0,0,0,0,0,0,0,0,0,0,0,0,0,
41462,41462,41462,0,0,0,0,0,0,0,0,0,0,0,0,0,0,0,0,0,0,
41462,41462,41462,0,0,0,0,0,0,0,0,0,0,0,0,0,0,0,0,0,0,
41462,41462,41462,41462,0,0,0,0,0,0,0,0,0,0,0,0,0,0,0,0,0,
41462,41462,41462,0,41462,15870,0,0,0,0,0,0,0,0,0,0,0,0,0,0,0,
41462,41462,41462,0,0,0,0,0,0,0,0,0,0,0,0,0,0,0,0,0,0,
41462,41462,41462,0,0,0,0,0,0,0,0,0,0,0,0,0,0,0,0,0,0,
41462,41462,41462,0,0,0,0,0,0,0,0,0,0,0,0,0,0,0,0,0,0,
41462,41462,41462,41462,0,0,0,0,0,0,0,0,0,0,0,0,0,0,0,0,0,
41462,41462,41462,41462,41462,0,0,0,0,0,0,0,0,0,0,0,0,0,0,0,0,
41462,41462,41462,41462,41462,0,0,0,0,0,0,0,0,0,0,0,0,0,0,0,0,
41462,41462,41462,41462,0,41462,0,0,0,0,0,0,0,0,0,0,0,0,0,0,0,
41462,41462,41462,41462,0,0,0,0,0,0,0,0,0,0,0,0,0,0,0,0,0,
41462,41462,41462,0,0,0,0,0,0,0,0,0,0,0,0,0,0,0,0,0,0,
41462,41462,41462,41462,0,0,0,0,0,0,0,0,0,0,0,0,0,0,0,0,0,
41462,41462,41462,0,0,0,0,0,0,0,0,0,0,0,0,0,0,0,0,0,0,
41462,41462,41462,41462,0,0,0,0,0,0,0,0,0,0,0,0,0,0,0,0,0,
41462,41462,41462,41462,0,0,0,0,0,0,0,0,0,0,0,0,0,0,0,0,0,
41462,41462,41462,41462,0,0,0,0,0,0,0,0,0,0,0,0,0,0,0,0,0,
41462,41462,41462,0,0,0,0,0,0,0,0,0,0,0,0,0,0,0,0,0,0,
41462,41462,41462,0,0,0,0,0,0,0,0,0,0,0,0,0,0,0,0,0,0,
41462,41462,41462,41462,17,0,0,0,0,0,0,0,0,0,0,0,0,0,0,0,0,
41462,41462,41462,41462,41462,0,0,0,0,0,0,0,0,0,0,0,0,0,0,0,0,
41462,41462,41462,41462,0,0,0,0,0,0,0,0,0,0,0,0,0,0,0,0,0,
41462,41462,41462,0,41462,0,0,0,0,0,0,0,0,0,0,0,0,0,0,0,0,
41462,41462,41462,41462,0,0,0,0,0,0,0,0,0,0,0,0,0,0,0,0,0,
41462,41462,41462,0,0,0,0,0,0,0,0,0,0,0,0,0,0,0,0,0,0,
41462,41462,41462,41462,41462,0,0,0,0,0,0,0,0,0,0,0,0,0,0,0,0,
41462,41462,41462,41462,41462,0,0,0,0,0,0,0,0,0,0,0,0,0,0,0,0,
41462,41462,41462,0,0,0,0,0,0,0,0,0,0,0,0,0,0,0,0,0,0,
41462,41462,41462,41462,0,0,0,0,0,0,0,0,0,0,0,0,0,0,0,0,0,
41462,41462,41462,41462,0,0,0,0,0,0,0,0,0,0,0,0,0,0,0,0,0,
41462,41462,41462,0,0,0,0,0,0,0,0,0,0,0,0,0,0,0,0,0,0,
41462,41462,41462,41462,0,0,0,0,0,0,0,0,0,0,0,0,0,0,0,0,0,
41462,41462,41462,41462,0,0,0,0,0,0,0,0,0,0,0,0,0,0,0,0,0,
41462,41462,41462,0,0,0,0,0,0,0,0,0,0,0,0,0,0,0,0,0,0,
41462,41462,0,0,0,41462,0,0,0,0,0,0,0,0,0,0,0,0,0,0,0,
41462,41462,41462,41462,41462,41462,0,0,0,0,0,0,0,0,0,0,0,0,0,0,0,
41462,41462,41462,0,0,0,0,0,0,0,0,0,0,0,0,0,0,0,0,0,0,
41462,41462,41462,41462,0,0,0,0,0,0,0,0,0,0,0,0,0,0,0,0,0,
41462,41462,41462,41462,41462,0,0,0,0,0,0,0,0,0,0,0,0,0,0,0,0,
41462,41462,41462,18,0,0,0,0,0,0,0,0,0,0,0,0,0,0,0,0,0,
41462,41462,41462,0,41462,0,0,0,0,0,0,0,0,0,0,0,0,0,0,0,0,
41462,41448,41462,0,0,0,0,0,0,0,0,0,0,0,0,0,0,0,0,0,0,
41462,41462,41462,0,0,0,0,0,0,0,0,0,0,0,0,0,0,0,0,0,0,
41462,41462,41462,41462,0,0,0,0,0,0,0,0,0,0,0,0,0,0,0,0,0,
41462,41462,41462,0,0,0,0,0,0,0,0,0,0,0,0,0,0,0,0,0,0,
