Lattice3x10092.csv,,,,,,,,,,,,,,,,,,,,
8,7,3,0,,,,,,,,,,,,,,,,,
303,1513,3026,4539,6052,7565,9078,10591,12104,13617,15130,16643,18156,19669,21182,22695,24208,25721,27234,28747,30260
28758,23061,17317,13673,10859,8939,7725,6438,5668,4725,3306,2796,1771,2512,3470,104,45,15,5,0,0
28729,23257,17495,13830,11100,8885,7595,6454,4899,3997,3597,2754,1683,1121,1352,606,32,5,0,0,0
28758,23031,17517,13339,11206,9143,7826,6611,5832,4281,3847,2729,4489,1521,2341,1009,30,25,5,0,0
28767,23165,17760,13776,11174,9196,8292,6133,5802,3980,2993,2263,2340,990,1016,117,5408,10,0,0,0
28733,23227,17516,13567,11158,8656,7365,6881,5706,4775,3941,2858,1247,2155,337,116,58,5,5,0,0
28791,23127,17323,13548,10120,8375,8294,6328,5661,4478,3878,3316,2068,2625,1892,131,35,5,0,0,0
28752,23073,17643,14136,10866,9218,7996,6151,4952,3536,2780,3387,2239,2501,751,781,25,0,5,0,0
28744,23209,17508,13242,10776,9597,8201,6863,5046,3384,4121,3305,3536,1130,2358,112,2334,25,0,0,0
28768,23136,17394,13518,11229,9029,7732,5756,4533,3761,3038,2508,3535,4334,1062,175,35,23918,0,0,0
28793,22950,17873,13467,10758,9245,6849,6982,5476,3735,3399,3892,1968,3698,2807,1241,3707,5,0,0,0
28738,22836,17518,13635,11060,9079,8126,5961,5669,4272,3661,2890,1766,2711,795,1087,50,10,0,0,0
28759,23243,17516,13716,11138,9144,7749,5966,5337,4520,3595,3111,1508,1511,2191,375,50,10,0,0,0
28742,23219,17253,13935,11004,9050,8162,6142,5488,4120,2669,2016,1429,649,314,3383,521,15,0,0,0
28778,23054,17245,14140,11541,8799,7648,5947,4746,4503,3962,2678,1836,1276,1560,1686,40,5,0,0,0
28721,23188,17725,13077,10987,9293,7690,6702,4231,4629,3864,2324,1860,1420,942,1868,5907,5,0,0,0
28767,23113,17620,13850,10829,9257,7816,6866,5370,4610,3542,2003,2478,2893,271,65,11235,15,5,0,0
28786,23199,17313,14149,10854,9366,8186,7056,5093,4158,2562,3874,3696,1615,1024,291,35,5,5,0,0
28766,23239,17638,13839,11067,8991,7585,6439,5422,4259,3214,3975,2003,1443,3154,141,50,0,0,0,0
28767,23087,17664,13450,11103,8900,7824,6547,5143,5376,3260,3824,3558,2290,1560,95,50,5,5,0,0
28802,23199,17611,13755,11067,8784,7507,6133,5394,3443,3507,1889,2811,1519,610,962,30,10,0,0,0
28765,23297,17342,13397,11152,9107,7678,6771,5305,5113,2812,2688,3948,2107,1390,1037,2143,15,0,0,0
28763,23049,17606,13848,10790,8553,7172,6153,5395,3654,3531,2224,2237,714,1308,300,10572,10,0,0,0
28739,23161,17467,13733,11210,9070,7392,6635,4999,4455,3135,2599,2208,3217,1152,92,35,15,0,0,0
28802,23044,17561,13717,10417,9249,7896,6475,5483,3842,3916,3603,2108,1227,1318,1074,20,5,0,0,0
28766,22937,17634,13582,11024,9146,7238,6094,6092,3518,4685,1925,2516,1220,2284,15503,7725,10,0,0,0
28806,23140,17523,13494,10807,8758,7572,6404,5207,3430,3431,2165,1473,1246,4882,100,30,20,5,0,0
28824,23170,17759,13830,10989,8840,7495,6497,5592,4925,3091,2840,2180,2399,2354,80,710,10,0,0,0
28739,23235,17500,13857,11474,9189,7420,6262,6089,3748,3385,3203,2881,1926,1321,922,35,20,10,0,0
28784,22960,17315,13117,10929,8398,7891,6053,4735,4330,3482,3178,2773,2307,2406,107,35,30271,0,0,0
28782,23042,17254,14006,11070,8942,7721,6166,4891,4998,3594,2189,1531,1166,1117,936,2030,15,0,0,0
28777,22979,17799,13428,10884,8848,7298,6676,5103,3541,3501,3416,1726,1986,2822,118,45,0,0,0,0
28754,23095,17439,13607,11153,9374,7994,6448,5869,4893,3621,2842,1858,1496,4398,1208,50,20,5,0,0
28720,23263,17487,13426,10845,9071,7884,6145,5295,4325,3318,2593,1485,3355,1667,436,35,5,5,0,0
28724,23109,17629,13465,11386,9319,7639,6680,5520,4306,4183,2140,3071,1694,864,2233,50,5,0,0,0
28780,23041,17423,14166,11300,8597,7011,5795,5479,4565,3383,2347,1423,492,1807,1280,10188,10,0,0,0
28772,23080,17492,13464,10617,9349,7905,7472,4607,4140,3340,2410,1862,609,3100,100,32,5,0,0,0
28769,23182,17556,13603,11254,8626,7998,6500,6300,3997,2831,2741,1610,1348,2976,77,30,12,0,0,0
28775,23184,17187,13634,10741,8827,7281,5900,5764,3977,4411,3596,1482,2663,969,3235,47,20,15,0,0
28743,23350,17732,13712,11085,9573,7831,6052,5323,4326,3519,3075,1813,3543,3548,2321,39,5,0,0,0
28774,23230,17722,13317,10761,9182,7808,7262,5218,4597,3669,2875,2491,1538,956,508,45,14108,5,0,0
28757,23185,17467,13613,10807,9052,7545,6128,5527,4141,4113,3032,2136,4959,785,1115,519,10,5,0,0
28820,23093,17511,13729,11036,9052,7782,6293,5385,4354,3758,3702,3309,2381,1480,93,30,0,0,0,0
28777,23146,17486,13832,11369,8987,7230,7377,5768,5080,3312,2246,3930,1119,6649,117,50,10,0,0,0
28761,23103,17601,13849,10854,9012,7272,5911,4811,4514,3042,2729,1471,3453,610,2778,32,5,0,0,0
28771,23231,17968,13753,11330,9362,7513,5820,5697,4466,3274,2253,3000,1482,4406,2305,5217,5,0,0,0
28767,23237,17475,13648,11086,8747,7861,6762,5423,3856,3368,3258,3129,1646,497,1027,44,10,5,0,0
28756,23216,17677,13615,10827,9767,7837,6486,4681,4188,3201,1874,1104,1134,4842,85,37,15,0,0,0
28744,22842,17610,13378,10738,9244,8094,6830,4530,4394,3564,3126,4275,2943,232,128,9836,3440,5,0,0
28779,23112,17658,13729,10772,9309,7195,6679,5847,4226,3170,3386,2361,3138,427,4462,34,10,5,0,0
28748,23087,17369,13191,10934,8881,6874,6348,5283,4344,3439,3292,1639,2487,338,73,35,15,0,0,0
28798,23187,17460,13662,11014,9400,7609,6397,4954,4228,2661,2744,2478,788,599,105,40,30272,0,0,0
28795,23004,17514,13238,11258,9142,7218,6141,5033,5017,3174,1978,1392,2126,1557,85,58,0,0,0,0
28771,23136,17197,13258,11256,9023,7885,6649,4942,4256,2851,2421,2257,2414,1830,692,55,5,0,0,0
28808,23047,17788,13727,11119,8879,7350,6070,4663,4991,3365,2256,2853,2118,2480,1552,20,15963,5,0,0
28764,23373,17471,13110,11188,9668,7469,6505,5281,4233,2874,2888,1632,718,554,99,12005,8261,0,0,0
28746,23144,17614,13781,11283,8922,7266,6045,5361,4653,3103,2873,2606,1159,337,1518,30,5,5,0,0
28793,22996,17757,13982,10626,8805,8111,7146,6204,4007,2637,2784,1344,2011,2481,1259,65,15,0,0,0
28783,23055,17401,13824,10937,8977,7602,6349,5556,4708,2937,2415,916,1799,2639,127,73,20,0,0,0
28762,23255,17521,13676,10383,9229,7883,5717,5629,4367,3011,2291,1781,3629,1644,1769,42,15,0,0,0
28802,23151,17338,13403,11443,9085,8192,6970,5276,4043,3011,3211,2822,2719,694,5576,5470,0,0,0,0
28739,22982,17426,13839,11216,8554,7493,6274,5566,4440,3447,4343,1137,1936,2317,2799,545,20,0,0,0
28782,23113,17288,13473,11189,8733,7378,6781,5469,4580,3722,2678,1846,2071,939,1579,22,5,5,0,0
28770,23279,17599,13769,10946,9239,7637,6514,5308,4842,3425,2649,2502,660,592,89,34,29802,0,0,0
28768,23190,17598,13414,11186,8985,8345,6475,5360,4822,4529,2301,2160,785,519,3147,25,0,5,0,0
28788,23110,17585,13505,10848,9154,7264,6106,5030,4423,3266,2600,2479,665,1200,186,30,15,5,0,0
28763,23091,17472,13802,11377,9283,7430,6928,5515,4749,3058,2821,1845,1813,2231,98,9542,5,0,0,0
28790,23193,17129,13823,11359,9322,7911,6364,5119,3464,4741,2131,1791,632,1336,2721,67,5,0,0,0
28748,23067,17348,13885,10454,8973,7035,6346,6371,3638,3902,3666,1274,988,4332,2824,1569,15,0,0,0
28801,23114,17539,13524,11024,8797,7851,5935,5191,5057,3362,3603,1863,2106,288,173,15,5,0,0,0
28757,23125,17715,13732,11141,9083,7985,6750,4703,4868,3335,2008,2153,1892,5361,115,30,0,0,0,0
28815,23127,17457,13775,10627,9481,6963,6609,5436,4320,3590,3341,1638,2274,2377,373,25,0,0,0,0
28730,23019,17581,13680,10718,9186,8149,6148,5161,4061,3762,2690,3327,1930,632,277,25,30266,5,0,0
28766,22920,17272,13428,10807,9410,7840,6637,5462,4248,3309,2652,3903,2425,1927,5854,40,15,0,0,0
28751,23124,17601,13685,10815,9398,8170,6096,6031,4517,3296,3002,1849,1086,4232,102,470,15,0,0,0
28755,23260,17206,13339,11392,9339,7641,6392,5236,4110,3217,2486,1520,1973,808,87,25,5,0,0,0
28767,23197,17710,13740,10825,8644,7471,6203,5487,4117,4007,1634,3204,1687,2044,145,40,15,0,0,0
28764,23044,17601,13818,10178,9217,7465,6666,5294,4617,3196,2122,2476,1189,2265,138,63,15,5,0,0
28760,23197,17148,13577,11011,8834,7467,6741,5992,4196,4361,2325,1882,3100,492,2009,726,9508,0,0,0
28757,23177,17475,13735,10507,9314,7119,6246,5035,4878,4389,2921,995,1249,1356,851,2752,5,0,0,0
28754,23064,17615,13692,10395,9581,7608,7134,4872,3366,3967,3562,1518,2713,1355,133,35,5,0,0,0
28743,23158,17644,13684,10555,9214,7754,6844,5264,4546,2527,3868,2105,2423,934,4195,262,5,0,0,0
28761,23000,17591,13815,11332,9310,7955,6241,5544,5122,3154,2861,2234,1242,4447,1233,15,0,0,0,0
28745,22964,17549,13594,10929,8765,7273,7180,5192,3681,5466,3786,2140,1546,718,2877,35,5,0,0,0
28760,23247,17408,13566,10759,8978,7968,6240,5633,4648,3399,2927,1558,1026,3309,767,37,20,0,0,0
28738,23021,17651,13460,11114,9148,7689,6883,5052,3852,4473,2856,1980,2413,2169,110,1836,20,0,0,0
28766,23103,17488,13735,10773,9369,7419,6552,5601,4435,3618,4023,2432,2033,5207,163,50,10,0,0,0
28786,23266,17624,13379,10652,8948,7681,6293,4474,4653,3204,2152,1613,2870,5338,1501,2416,5,0,0,0
28760,23199,17679,13688,10968,9030,7013,6468,5319,4429,3986,2433,971,1666,1003,117,72,25,0,0,0
28812,23009,17693,13703,10882,9311,7970,6351,4780,3383,3421,3021,3189,3999,1283,99,30,15,5,0,0
28783,23156,17531,13986,10798,8974,7533,6047,6662,4896,3016,2797,2250,2983,1212,185,3047,20,0,0,0
28763,23025,17498,13447,10568,8892,8398,6800,4576,4043,3209,4117,3703,755,1359,1017,40,20,0,0,0
28759,23071,17626,13869,11611,8805,7972,6241,5141,4282,3631,2158,2769,579,1975,1847,2111,15,0,0,0
28799,23165,17422,13559,11007,9224,7867,6322,4667,4220,3840,2533,2445,2547,1998,4601,40,5,5,0,0
28794,23239,17449,14047,11492,8708,7343,7379,5210,4699,2700,2769,2644,989,1632,148,50,0,0,0,0
28755,23218,17696,13985,10716,8451,7633,6675,4804,4099,2854,3592,1968,1555,255,1455,634,5,0,0,0
28803,23229,17084,13793,11091,9162,7329,6469,4617,5383,5172,2462,2039,1387,3176,3397,37,0,0,0,0
28816,23176,17441,13593,10507,8738,7980,5910,6800,4357,3217,3169,1424,1149,1009,2769,50,0,0,0,0
28743,23036,17611,13475,11183,9044,7809,6467,5086,4592,3736,3231,3037,831,4113,2744,45,10,0,0,0
28751,23142,17766,14182,11241,8880,8466,6475,6046,4307,3081,2541,2049,1305,2305,664,35,20,0,0,0
28758,23172,17363,13597,11302,9044,7982,6209,5383,5197,3508,3981,1764,2109,2818,113,25,20,0,0,0
28776,23145,17747,13889,10817,9861,7090,6368,4857,4337,3722,1662,1298,1160,269,746,45,5,0,0,0
28767,23182,17773,13338,10799,9044,7708,6139,5682,4373,4098,2840,1529,1605,219,1645,35,10,0,0,0
28772,23109,17665,13591,10699,9181,7368,6049,5314,4603,3022,3349,2588,1225,1138,3225,28,25,0,0,0
28760,23220,17596,13989,10668,9131,7608,7045,5800,4354,3476,2609,2525,432,299,138,20,15,0,0,0
28806,23088,17598,13573,10714,9219,7674,6896,5810,4965,4110,2193,2777,2125,2692,88,1622,10,0,0,0
28792,22999,17796,13571,10897,8867,7076,6724,5277,4088,3122,1897,2457,6212,2255,2599,12669,20,13083,0,0
28752,23150,17525,13657,11185,9206,7465,6984,5385,5424,4352,3305,3240,3420,2148,105,53,0,0,0,0
28779,23112,17262,13372,10970,9197,7660,6782,5540,4870,4119,2106,2083,2396,1462,1902,25,24445,5,0,0
28770,23144,17600,13604,10955,8983,8004,6194,4987,5066,3558,2167,2501,1589,326,98,287,13,5,0,0
28798,23103,17538,13657,11034,9123,7973,6109,5528,4696,3670,3632,1959,3867,1031,475,40,15,0,0,0
28741,23176,17606,13485,10843,8929,7351,6234,5371,3976,3915,1850,1519,624,2462,80,60,10,0,0,0
28736,23106,17903,13965,11019,9327,7149,5728,5538,5221,3920,2264,2206,4062,2942,814,312,5,0,0,0
28744,23165,17765,13580,10749,9352,7756,6380,4292,4299,3503,1992,1868,859,1615,246,60,30266,5,0,0
28739,23226,17663,13449,10935,9554,8245,6176,4979,4140,3166,3908,3339,2445,2455,437,30,10,0,0,0
28793,23062,17020,14028,10360,8996,8392,6263,5231,3679,3014,2595,1400,2713,1428,142,60,12,0,0,0
28775,23079,17347,13780,11076,9080,7802,6486,5904,4244,3543,3692,1397,2845,271,1103,40,10,5,0,0
28783,23054,17704,13865,11276,9321,7271,6004,5990,4129,2767,2511,1653,2350,6486,693,9515,20,0,0,0
28786,23146,17547,13619,11549,9187,6799,6066,5648,3770,2573,2883,2958,1951,1469,105,1227,20,0,0,0
28778,23241,17381,13350,10928,9420,8373,6190,5526,4779,3567,2241,2838,2920,1376,1983,45,15,0,0,0
28763,23136,17508,13591,11355,9620,7491,6562,5082,4121,3668,2391,1752,1088,2661,1054,70,5,0,0,0
28759,23138,17656,13953,10587,9213,7344,6750,6408,4497,3586,3170,2335,1460,2418,110,45,10,0,0,0
28731,23074,17231,13800,10684,9081,7426,6276,6056,4697,3391,2922,3019,1604,1183,1638,10,15,0,0,0
28772,23101,17438,13373,10847,8929,7512,6331,5628,4501,3719,3156,2060,1714,831,2439,63,0,5,0,0
28830,23240,17406,13757,11071,9069,7559,6710,5511,4525,4131,3276,1501,1369,1225,95,40,10,0,0,0
28741,23183,17676,13599,10657,9041,7528,6433,5840,3933,2961,3154,1422,1226,2270,1462,50,10,0,0,0
28811,23232,17913,14046,11039,9200,7777,6878,5956,4413,4146,3156,944,2347,779,6806,32,15,0,0,0
28773,23129,17619,13373,10544,9175,7564,6463,6048,4048,3699,2802,2039,1976,1953,137,30,10,5,0,0
28761,23185,17680,13908,11110,8207,8176,6319,4713,3491,3324,1770,2077,2135,1926,2078,35,10,5,0,0
28756,23014,17563,13591,10608,8400,7418,5766,5419,4354,3852,2661,2047,2723,2836,3503,35,10,0,0,0
28775,23066,17338,13776,10939,8934,7383,6503,5194,4837,4201,1926,3558,2721,2455,1504,3867,10,0,0,0
28765,23162,17475,13742,10914,8613,7892,5864,4877,4321,3448,2447,2388,3728,841,2437,35,0,10,0,0
28767,23246,17420,13958,10532,9136,7697,6960,5389,4302,2669,2766,2227,2213,4846,465,37,0,0,0,0
28763,23189,17831,13947,10864,9020,7924,6342,5065,4187,3432,3315,1932,2260,280,114,20,10,5,0,0
28796,23183,17756,13648,10698,8838,7541,6269,5301,3899,3618,2350,1987,2763,2360,3066,65,18,5,0,0
28781,23132,17392,13643,11035,9554,7121,6635,6374,5109,3078,2312,2173,978,843,2254,20,0,0,0,0
28755,23089,17538,13837,11194,9432,7682,6329,4836,4679,4225,2316,1463,2697,324,140,5904,10,0,0,0
28799,23039,17449,13298,10793,8357,7684,6917,5469,4638,4045,2049,2252,634,2741,4290,38,0,0,0,0
28784,23047,17490,13820,10763,9038,7391,6542,6055,5595,3197,3612,2696,513,3422,2638,35,15,0,0,0
28764,23224,17409,13623,10842,8913,7838,6720,5286,3835,5437,3712,1762,1521,627,123,4139,5,0,0,0
28746,23089,17684,13456,11030,9323,7736,6710,4794,4553,3988,2858,1279,1265,635,116,35,10,0,0,0
28744,23107,17389,13704,11122,9107,7688,6038,6175,4250,2796,2593,1311,3043,219,3239,1659,10,5,0,0
28781,23010,17687,13721,10835,9315,7587,6266,5717,3820,3182,3334,1575,2793,518,1594,78,0,5,0,0
28785,23261,17542,13934,10632,9334,7309,6435,4737,4138,3410,2690,3389,3892,7195,1206,2834,20,0,0,0
28798,23177,17304,13696,10662,8843,8149,6540,4907,4232,3799,3027,1790,774,1728,118,30,5,0,0,0
28771,23234,17278,13933,10867,9483,7965,7130,6322,4650,3626,1911,1547,1032,1394,2184,40,15,0,0,0
28753,23356,17325,13581,11378,9440,7377,6702,4818,4258,3687,2587,2631,1787,2419,6676,35,30266,0,0,0
28824,23108,17367,13740,11179,8932,7530,5543,5955,4619,3212,4161,2166,2010,324,1089,35,5,10,0,0
28775,23032,17710,13432,10790,9271,7459,6237,6009,4741,3643,2775,3013,2744,2373,1330,2277,5,0,0,0
28751,23190,17566,13454,10642,9271,7407,6591,5585,4047,3782,2317,1360,847,1571,2174,74,0,0,0,0
28804,23198,17201,13627,11122,9566,8246,6444,4801,5078,3190,3258,2113,597,3221,1521,60,0,0,0,0
28741,23094,17483,13569,10825,9569,7806,6594,4750,4228,3731,2658,2197,2295,1424,1063,6672,5,0,0,0
28801,23229,17615,13396,10839,8739,8153,6405,5854,3911,3292,2502,1803,1798,1079,2333,30,10,0,0,0
28783,23110,17376,13203,10450,9198,7441,6268,5223,3656,3022,2041,2870,2770,3331,2326,60,22182,0,0,0
28790,23124,17487,13678,10648,9425,8182,6711,4931,4837,3436,3408,1723,1261,1947,84,35,5,0,0,0
28781,23203,17717,13174,10754,9053,7557,6734,5292,4794,3726,2169,1417,2002,690,1797,248,5,0,0,0
28735,22994,17670,13599,11070,9077,7321,6878,5545,4181,3646,3273,3293,3366,1220,199,1884,20,0,0,0
28768,23101,17103,13786,10569,8852,7436,6201,5538,4529,3208,3217,2841,1465,3016,105,40,15,0,0,0
28753,23113,17490,13646,11399,9214,7681,6496,5456,3956,3423,2381,2072,2510,282,1945,3495,0,0,0,0
28766,23114,17538,14206,10775,9428,7274,6818,5080,3669,4043,2987,2480,964,651,107,25,15,5,0,0
28809,23187,17519,14113,11451,8679,6852,6121,4894,4468,4030,1889,2453,2885,2363,196,35,10,5,0,0
28748,23233,17633,13734,11274,8842,8192,6071,5423,4942,3638,3314,2237,3309,1536,2263,10,5,15,0,0
28768,23173,17619,13649,11658,8950,7653,6224,5240,4322,3495,3082,3979,725,1286,4026,50,15,0,0,0
28707,23191,17629,14018,10846,8837,7628,5837,5975,4470,3473,2492,2138,2003,3388,117,27,0,0,0,0
28766,23336,17687,13446,11131,8664,7024,6129,5058,4918,2650,2357,2585,1453,737,4148,55,5,5,0,0
28743,23064,17568,13657,10527,8738,7691,6327,5404,4612,3208,3023,2646,1182,5747,1753,35,15,0,0,0
28761,23244,18041,13748,10781,9684,8170,6928,5734,4024,3496,2400,2546,2598,535,4016,30,30273,0,0,0
28766,23184,17631,13767,10950,8620,6840,5828,5337,4574,3313,3053,3177,492,1937,120,53,15,0,0,0
28764,23211,17842,13296,10881,8861,8257,6377,4579,3418,4290,2664,2026,774,2165,2658,62,15,0,0,0
28752,23299,17507,13826,11769,9142,7778,6877,5805,4889,3431,3059,2300,1096,3304,122,2071,20,0,0,0
28763,23033,17657,13317,11088,9324,7522,6011,5221,4815,3340,2756,2216,1238,1823,5546,40,0,0,0,0
28797,23047,17729,13510,10822,9019,8333,6107,5088,4081,3588,1674,3141,1954,904,118,224,6822,0,0,0
28731,23080,17627,13492,10821,9205,7110,6273,5045,5036,3338,2592,2054,1997,1958,85,25,5,0,0,0
28775,22974,17870,13653,11121,9193,8049,6341,5517,4294,3351,2395,2710,3180,214,4073,2665,29,0,0,0
28769,23183,17979,13624,10645,9087,7612,6163,4912,3394,2998,3321,2308,938,673,105,398,0,0,0,0
28795,22844,17490,13466,10994,9040,7302,6310,5081,3510,4481,3284,3242,1742,2033,790,7415,24379,0,0,0
28794,23288,17391,13663,11059,8448,7531,6340,5210,4289,3951,2875,2555,984,1467,1062,52,22,0,0,0
28774,23044,17622,13192,11233,8655,7384,6465,6578,4502,2921,4943,1265,2150,1658,2281,50,4476,0,0,0
28810,22926,17797,13445,10545,9201,8490,5803,5566,4447,3726,2501,2282,3962,202,1471,35,5,0,0,0
28762,23173,17668,13507,11066,8969,7532,6826,5021,3841,3300,2909,3573,1521,1230,5460,58,0,0,0,0
28782,23195,17838,13512,11114,9028,8440,6727,6137,4527,3090,1653,1374,1732,1066,133,37,5,0,0,0
28786,23106,17490,13723,11023,9117,7960,6285,5542,4065,3785,3255,814,2201,884,88,15,10,5,0,0
28746,23044,17551,13677,10837,9103,7589,5801,5997,3715,4420,1767,2615,4785,3752,1325,45,15,0,0,0
28767,23213,17717,13861,10961,9247,7306,6264,5381,4059,3431,2965,3881,4296,1934,163,25,10,0,0,0
28731,23114,17206,13689,10869,9167,7688,6453,6277,3785,3505,2144,1625,1494,2904,2337,35,10,0,0,0
28776,23127,17744,13309,10595,9110,7465,6679,5290,4420,3074,3546,1299,2434,1499,105,50,5,0,0,0
28752,23151,17762,13642,10512,8538,7321,7104,5654,4496,2898,3388,1586,1737,2608,6450,5888,15,0,0,0
28736,23128,17595,13743,11164,8555,7415,6323,5212,4498,2921,1595,2264,1621,1806,5802,50,15,0,0,0
28776,23220,17798,13299,10709,9619,7055,6863,5516,4913,4354,4103,993,1601,606,307,28,34,0,0,0
28822,23137,17385,13591,10913,9204,7668,6173,4733,4082,3405,3685,2100,1137,244,105,64,5,0,0,0
28796,23045,17513,13562,10771,8850,7456,6096,6191,3482,4108,2630,1384,930,1133,4223,25,10,0,0,0
28731,23144,17483,13638,11230,8503,7624,6079,5660,3583,3368,2749,1420,2531,228,1532,47,0,5,0,0
28766,23189,17565,13775,11069,9060,7542,6644,4892,4718,2976,2457,2527,2589,671,1071,30,10,0,0,0
28749,23097,17379,13491,10829,9268,7344,5768,4984,3924,3929,2168,3028,1906,266,5841,35,5,10,0,0
28740,23165,17782,13189,10759,9678,7727,6698,5839,4046,4919,2192,4414,1839,2032,3499,773,10,0,0,0
28801,23041,17364,13735,10524,8916,7664,6717,5139,3647,3150,1941,2906,3571,1603,1310,883,5,0,0,0
28779,23293,17560,13574,10637,9106,7637,6565,5863,4794,3443,2111,3042,419,1100,1495,60,0,0,0,0
28731,23135,17435,13870,11404,8589,8135,6766,6164,5676,3317,3170,2433,2647,266,4538,4056,15,0,0,0
28795,23293,17479,13537,11137,8888,7621,7268,4644,4533,2767,2833,3117,991,243,108,67,20,7,0,0
28751,23069,17822,13669,11362,9147,7865,6233,5284,4258,3335,2729,2632,1131,5680,380,30,25,0,0,0
28791,23242,17780,13321,10952,8442,7877,6484,5661,4258,3416,3374,1559,1314,2157,2856,4494,5,5,0,0
28758,23110,17335,13699,11025,9080,7474,6794,4934,3556,2942,4226,1977,993,1230,2333,20,30,0,0,0
28787,23220,17594,13228,10944,8849,7664,6731,6314,3895,4139,3178,1230,1092,774,130,45,5,0,0,0
28796,23129,17410,13464,10570,9445,7748,6569,5641,3699,4010,2273,2939,761,671,4795,29,15,0,0,0
28729,23132,17508,13737,11366,9067,7398,6367,5125,5670,3161,3309,1383,2632,484,112,30,0,5,0,0
28771,22932,17539,13837,11059,9183,8308,6260,5226,4777,3719,2716,2563,1190,1369,2302,6097,10,0,0,0
28751,22843,17517,13700,10959,9013,7675,6522,4384,4934,4661,2519,2415,809,281,478,50,5,0,0,0
28746,23239,17631,13853,11241,9407,7907,6633,5971,5041,3542,4568,3433,849,657,974,12300,5,5,0,0
28801,23127,17362,13399,10592,9625,7848,6067,4980,4624,3713,2603,2127,733,484,1324,27,10,5,0,0
28758,23326,17320,13844,10969,9137,7507,6701,5595,4549,2690,3246,1337,1020,1094,116,25,5,5,0,0
28785,23121,17634,14192,10765,9723,7495,6468,6610,4563,2745,3128,1470,2688,1477,172,17803,10,0,0,0
28761,22917,17441,13569,10630,9102,7735,6448,4873,4768,2891,2183,2204,1197,1719,98,40,10,5,0,0
28753,23010,17691,13320,10812,9048,7828,6712,4521,4708,3506,2926,2637,1483,206,85,3468,0,0,0,0
28804,23142,17552,13513,11060,9675,7688,6085,5161,4395,3819,3444,2535,3562,2068,85,3480,0,0,0,0
28719,23037,17638,13666,10841,9044,8061,6378,5213,4546,3473,5226,3020,2234,2097,1222,8756,15,0,5,0
28790,23296,17899,13821,10939,8897,6821,5880,5172,2979,4457,1912,1984,3078,594,100,6141,5,0,0,0
28738,23157,17432,13659,10933,9354,7778,6282,5412,3764,3609,2519,1254,1477,2460,6807,30,10,0,0,0
28745,23042,17477,13749,10585,9033,8013,6316,4318,5360,3007,2274,2354,2086,702,8156,60,15,0,0,0
28744,23203,17603,13759,10759,9385,8172,6448,4902,4064,3391,2548,2579,1307,714,135,1081,5,5,0,0
28778,22997,17328,13414,11116,9529,7376,6099,4976,4568,3688,3480,1967,3281,654,2878,65,10086,0,0,0
28756,23014,17339,13115,10930,9211,7425,6675,5028,5484,3510,2384,2235,2071,193,1163,30,2367,0,0,0
28714,23277,17780,13764,10832,9146,7468,6098,5002,4285,3926,2451,1875,2542,2212,3760,54,5,0,0,0
28797,23272,17563,13398,11130,9410,6917,6184,5330,4526,3793,4462,1834,2311,1870,3706,35,10,0,0,0
28781,23264,17310,13930,11013,9484,7393,5867,5211,5145,3543,3067,2462,2241,1048,4598,55,5,0,0,0
28764,23148,17458,13408,10904,9203,7341,6532,6207,4076,3055,3480,2455,2030,3724,105,24,15,5,0,0
28742,23132,17697,13521,11066,9680,7763,6905,5476,4332,3217,2896,3812,3699,5145,1414,25,0,0,0,0
28761,23236,17394,13542,10720,9000,8234,7212,5656,4325,4288,2131,3747,3510,1939,879,1805,10,0,0,0
28771,23132,17589,13394,11311,8725,6784,6744,4671,4346,4452,1976,1861,1680,4651,93,4454,10,0,0,0
28802,23058,17613,13669,10830,8256,7689,6039,5744,3953,3309,3522,3458,2019,2819,313,65,10,5,0,0
28770,23160,17454,13429,10855,9495,7226,6835,5197,3478,3704,2750,3407,971,253,853,2604,5,0,0,0
28757,23066,17240,13827,10997,8991,7993,6147,5630,3680,3826,3197,1362,1117,441,99,6001,10,0,0,0
28814,23109,17735,13527,10781,9092,7794,6254,5567,4246,2984,2194,3028,923,427,3014,35,20,0,0,0
28721,23116,17658,13688,10459,9252,7594,5998,5720,4086,2748,2249,1999,2763,1136,77,25,10,0,0,0
28817,23276,17665,13438,11155,8801,7233,6426,4790,4520,3623,2162,2981,1897,2912,116,1888,30,0,0,0
28761,23179,17807,13623,11785,9338,8233,6351,5506,3988,4511,2282,2662,1389,2661,122,35,5,0,0,0
28747,23060,17715,13734,11044,9157,8212,6577,5474,4923,3743,2844,1497,1824,6307,379,47,5,0,0,0
28748,23130,17505,13706,11294,9521,8215,6584,5174,3572,2758,2223,1669,1408,679,1823,43,0,0,0,0
28792,23146,17535,13610,11102,8903,7731,6089,5573,4922,3571,2045,1530,2158,784,345,45,20,0,0,0
28754,23358,17209,13695,10885,8718,7576,6740,5692,4559,3688,2422,2018,1975,1383,92,42,4816,5,5,0
28721,23068,17497,13613,10702,9001,7227,6586,5118,3872,3921,1598,1844,3009,1235,160,15,15,0,0,0
28774,23244,17543,13474,11046,9320,7181,7006,5840,4888,2435,3773,1767,2095,240,357,729,5,5,0,0
28758,23101,17671,13420,10810,8696,7354,6067,5359,4221,3982,2213,2942,1732,256,104,50,10,0,0,0
28760,23006,17750,13702,10925,9038,7656,6871,4772,3644,3102,3218,3131,1711,2605,5522,62,10,5,0,0
28807,23174,17359,13887,11133,9006,7481,5945,5959,5195,3233,3478,2480,3299,1309,3964,42,15,5,0,0
28778,23198,17479,13808,10698,9168,7687,7190,5410,4412,3312,3579,2697,818,1711,1189,40,5,0,0,0
28736,23129,17393,13453,11190,9363,7072,6472,5848,4811,3837,2779,2480,767,286,1444,4655,10,0,0,0
28776,23285,17298,13907,10967,9509,7785,6648,5360,3470,3857,3257,3340,2837,664,3510,30,7,0,0,0
28750,23237,17524,13523,10730,9009,7377,6563,5651,3685,2682,3174,1942,2412,1826,1712,42,15,5,0,0
28767,23166,17513,13540,11120,8879,6997,6368,5571,4069,3366,3554,2867,589,3137,100,11506,2680,0,0,0
28749,23349,17520,13913,10536,9275,7336,6432,5080,4596,3033,2432,2538,2598,2547,2675,50,0,0,0,0
28742,22995,17582,13621,10769,9073,7353,5810,6092,4832,3292,3855,2716,4266,1264,7148,57,15,0,0,0
28755,23223,17497,13301,11008,8989,7957,6967,5638,4246,3929,2904,2646,1822,603,140,7204,5,0,0,0
28784,23105,17602,13495,10616,8808,7617,6319,4495,4220,3366,2480,2719,2535,6764,85,11088,0,5,0,0
28767,23017,17395,14013,11172,9265,8076,6757,5266,5037,3240,3202,2165,1389,2170,655,15,28870,5,0,0
28723,22947,17786,13530,10712,9693,8333,6271,4588,4294,3025,2194,1569,5690,1312,1238,40,2337,0,0,0
28747,22977,17603,13899,10289,9210,7815,6452,5041,4112,4201,3350,1694,3325,1297,1620,55,0,0,0,0
28765,23241,17748,13688,10925,9310,7901,6263,4841,4708,4245,2786,2265,2027,3187,97,25,10,0,0,0
28789,23161,17571,13354,10601,8534,7120,6789,4847,4237,4078,4142,2411,1557,2379,3612,50,20,0,0,0
28755,23129,17425,13598,11243,8985,7209,5756,5348,4169,4394,2268,2832,2191,2498,7410,60,10,5,0,0
28793,23236,17523,13436,11736,9524,8565,6402,4960,4708,4276,2496,3597,1959,1428,2847,221,10,0,0,0
28747,23213,17380,13824,10974,9570,7316,6925,5390,4796,3754,2857,1936,1440,745,1908,30,10,0,0,0
28800,23023,17622,13627,11173,8804,7486,6940,4599,4416,3677,2174,2599,1601,2581,629,25,10,0,0,0
28815,23192,17312,13716,10985,9039,7615,6331,5490,4372,3114,3116,2526,3137,220,1055,35,0,5,0,0
28768,23373,17514,13607,10816,9307,7982,5730,5086,4662,2713,3394,2540,1483,1685,1102,45,25072,0,0,0
28790,23274,17331,14086,10330,8905,7875,6520,6153,4363,4552,2763,2438,2546,4775,2877,60,15,0,0,0
28744,23066,17272,13555,10996,8989,7544,6388,5056,5098,3383,2412,2354,2274,313,2975,8641,0,0,0,0
28743,23155,17567,13653,10988,8792,8440,5890,5670,4698,3005,1909,2078,3901,4330,6304,30,393,0,0,0
28753,23050,17502,13533,10666,9152,7217,6216,5154,5255,3902,3062,4423,620,650,84,35,10,5,0,0
28785,23234,17746,13769,11183,9225,7366,6493,4544,4335,2839,3598,3389,3420,229,113,25,10,0,0,0
28784,23225,17527,13590,11337,9258,7012,6670,4471,4113,2777,3154,3336,1227,2476,5560,45,15,0,0,0
28773,22973,17574,13560,10977,8562,7568,6341,5610,3663,3465,3632,2355,930,1349,93,49,10,0,0,0
28774,23127,17575,13855,10773,9129,7879,6497,4852,5104,4606,4059,2278,1609,2287,93,50,20,5,0,0
28767,23066,17514,13662,10859,8902,7542,6279,5071,4422,3146,3756,2159,2521,1338,849,55,10,0,0,0
28782,23100,17360,13652,11093,9100,7351,6571,5250,4718,3701,4006,2410,2574,2035,105,37,10,0,0,0
28751,23000,17771,13479,11079,8961,7836,6951,4661,3432,3516,2022,3412,1422,3502,2118,25,15,0,0,0
28756,23132,17249,13781,10455,8943,7160,6393,5348,3803,4365,2078,3760,2808,839,88,48,4357,0,0,0
28760,23189,17246,13764,11057,8894,7618,6289,4879,4439,3699,2616,1376,1556,362,2844,57,5,0,0,0
28777,23122,17590,13943,10604,9210,8206,6688,4988,4435,3165,2137,4453,2750,2435,2949,55,30271,0,0,0
28738,23190,17669,13544,10671,9592,7847,6227,5900,5276,3692,3653,2334,1633,1394,2534,23,0,0,0,0
28738,23212,17390,13779,11141,9121,7454,6503,5500,4455,3457,3090,1681,1662,2397,1363,3249,10,0,0,0
28774,23152,17064,13451,11199,9148,7521,6633,5932,4938,3412,2511,2541,2138,4316,2151,10006,15,0,0,0
28741,23109,17402,13463,11044,9509,7951,7135,6271,4289,3060,2929,5021,1660,3537,228,649,10,0,0,0
28775,22967,17356,13553,11134,8951,7942,6610,5302,4419,3862,3975,1786,584,1746,1093,15,0,0,0,0
28807,23266,17540,13778,11032,8802,7920,6328,5103,4164,3076,2039,1066,1454,1272,1731,45,5,0,0,0
28757,23241,17629,13643,10901,9071,7656,6660,5216,5107,3206,3352,1822,793,2736,5990,48,10,5,0,0
28754,23108,17830,14147,10871,8952,7939,6357,5312,3574,3018,2251,1908,629,797,134,35,15,0,0,0
28786,23307,17557,13423,11081,9414,7467,6098,6043,4097,3375,3403,3122,1759,241,107,60,15,0,0,0
28779,23172,17636,13735,10711,9293,7691,7112,5315,4328,2765,3332,1169,715,2810,117,2619,15,5,0,0
28772,22946,17535,13691,11158,9307,7912,6194,5113,4078,3639,2713,2695,2169,3810,144,25,10,0,0,0
28745,23221,17366,13886,10874,8638,7536,6871,5642,4528,3042,2816,1631,1180,2036,203,17557,10,0,0,0
28767,23160,17244,13285,11213,8998,8023,6304,5126,3858,3541,4309,2284,811,957,128,28,5,0,0,0
28745,23216,17670,13675,10868,8961,8080,6130,5140,5012,2863,2303,2912,3436,209,3380,2820,5,0,0,0
28760,22963,17229,13846,11085,8760,8636,6466,5349,3898,4194,2423,1990,1462,1168,110,14202,15,0,0,0
28742,23002,17270,13465,10735,9834,7847,6764,5590,3519,4147,2432,1799,1045,3325,368,60,15,0,0,0
28786,23285,17662,13750,11193,8781,7994,6129,6401,4445,3229,3771,2991,1008,354,90,20,0,5,0,0
28778,23211,18060,13294,11254,9063,7780,6746,5272,4514,4059,2673,2410,4417,2924,710,25,10,0,0,0
28773,23142,17603,13743,11020,8735,7449,6214,5231,4662,3149,2391,1678,3906,4995,886,21842,22,0,0,0
28755,23211,17212,13212,10872,9482,7353,6381,5454,4528,3546,2943,3189,3416,1417,97,6887,5,0,0,0
28773,23222,17923,13569,10935,9488,7831,6489,5502,4862,2327,3409,2595,1081,557,1096,5140,5,0,0,0
28836,23194,17445,13544,10985,9147,8320,6403,5356,4456,3431,3345,2471,1488,1947,1374,1903,15,5,0,0
28761,23226,17533,13757,10742,9034,7855,6916,5067,4706,4124,3448,2071,1603,3345,137,30,0,0,0,0
28768,23157,17287,13757,10902,9327,7730,6105,5456,4640,3534,2573,2256,1065,1812,1094,45,15,0,0,0
28775,23008,17273,13743,11339,8615,7678,6353,5453,4753,3858,2915,1181,2355,5255,116,35,10,0,0,0
28749,23084,17453,13730,11042,9001,7596,6378,5539,4669,3392,4061,2843,2622,4124,90,40,10,5,0,0
28779,23114,17361,13636,10963,9115,7732,6574,4990,4183,2972,3136,3939,1512,582,2950,45,10,0,0,0
28766,23022,17504,13979,11089,8883,7472,6604,5708,3708,2903,3175,3633,2299,1253,2624,30,5,5,0,0
28738,23172,17434,13562,11131,9460,7120,6592,4908,4748,3871,2366,3648,2225,4846,87,35,15,0,0,0
28809,23190,17567,13629,11282,8814,8418,6540,5820,4368,3158,3789,3317,2452,1604,2267,5603,20,0,0,0
28744,23300,17365,13867,11290,9919,8040,6462,4815,3342,4017,2617,2345,944,1265,3559,45,5,0,0,0
28750,23164,17600,13520,10811,8907,7452,6181,5430,4631,3766,2371,2765,636,1606,305,77,10,0,0,0
28743,23128,17249,13447,11001,9566,7025,6607,4499,4956,3348,3437,2549,2346,597,80,30,25602,5,0,0
28765,23112,17681,13670,10949,9372,6900,7379,4979,5171,4007,2530,1616,1195,1359,1297,35,10,0,0,0
28765,22957,17613,13829,10879,9498,7131,6305,5661,4373,4400,2472,1457,604,809,107,7483,15,0,0,0
28744,23030,17507,13676,10987,9084,8099,6288,6238,5536,3726,3752,2047,1673,477,3233,44,15,0,0,0
28833,23229,17615,13479,10567,8902,7393,5966,5626,5014,4151,2821,1501,481,472,87,37,5,0,0,0
28779,22896,17230,13734,10989,8922,8135,6674,5325,4381,2943,3990,2741,1095,1145,136,30,10,5,0,0
28768,23209,17946,13711,10802,8754,7249,7050,5256,4601,3481,4163,1047,1866,1492,94,30,0,0,0,0
28787,22946,17427,13553,11168,9028,7210,6437,5127,4273,3138,2614,3271,2268,1739,324,9289,5,0,0,0
28788,23168,17601,14103,11124,9234,7499,5927,5262,5021,3528,3139,1680,1271,852,1099,47,10,0,0,0
28778,23271,17601,13362,10895,8341,7404,6959,5203,4656,4239,2339,1848,2688,1211,1446,15,15,5,0,0
28779,23129,17383,13507,10864,8765,7260,6381,5278,3699,2124,2476,2823,2273,3319,1455,20,5,0,0,0
28737,22999,17550,13620,10876,9429,7537,6450,5603,4367,3927,2391,2237,2135,3354,593,14194,15,0,0,0
28765,23285,17256,13200,10532,9625,7211,6622,4985,3886,3045,2762,1530,1915,204,119,55,5,0,0,0
28735,23287,17683,13202,11056,8714,7702,6752,4991,5553,5083,2372,1205,4344,2273,433,30,5,0,0,0
28791,23147,17489,13653,11088,9008,8178,6368,5822,4714,4222,2334,1726,2687,2648,94,25,3758,0,0,0
28777,23174,17585,13676,11115,8833,8329,5801,5462,5141,3695,2988,1217,2417,2213,532,3909,10,5,0,0
28772,23115,17466,13586,11250,9320,7756,6813,5425,3835,4262,3428,1807,1594,627,4445,65,0,0,0,0
28729,23167,17496,13822,10893,9245,7414,6627,5971,4111,3578,3838,2433,1852,1094,105,50,5,0,0,0
28806,23062,18015,13744,11135,8796,7361,6693,6000,4103,3674,3256,3278,2560,2514,92,69,20,5,0,0
28782,23204,17267,13583,10735,8880,8407,6314,5293,4075,2815,2768,2551,2275,565,1581,2004,10,0,0,0
28743,23281,17551,13754,11120,9322,8004,5920,5241,3661,3692,3325,3004,2705,827,290,9131,5,0,0,0
28763,23041,17410,13646,11204,9054,8050,6362,6259,5232,2974,3725,2695,2412,2303,205,42,25,0,0,0
28796,23312,17404,13440,11444,9740,7889,6362,5885,4408,4276,2783,1942,1846,2693,85,32,0,0,0,0
28765,23099,17771,13016,11077,8937,8478,6193,4417,4462,3073,2364,1259,1857,818,2863,4436,10,5,0,0
28755,23080,17633,13849,11518,8973,7859,6021,5331,4791,4186,2831,2791,2406,2767,2660,50,20,5,0,0
28794,23095,17549,13174,10796,9257,7477,6553,4779,4439,3208,3615,2583,2598,1279,92,6007,15,5,0,0
28768,23110,17708,14026,11061,9350,8408,7059,5336,5059,2941,3360,2821,1521,3085,79,45,10,0,0,0
28765,22957,17400,13671,11007,9233,7037,6494,5194,4073,3320,2436,3355,1678,496,3415,45,15,5,0,0
28745,23240,17665,13803,11042,8792,7588,7284,5789,3706,3795,3444,2400,1816,370,530,37,20,0,0,0
28751,22958,17496,13460,10805,8539,7518,6585,5661,3586,3084,1883,2167,1976,3676,1725,45,5583,0,0,0
28723,23167,17332,13563,10838,9632,7571,6573,5064,4466,2682,2382,1492,1055,541,1122,32,0,0,0,0
28751,23157,17414,13793,10732,9231,8336,6403,5513,4312,3354,2841,1704,3309,3469,282,15,10,0,0,0
28765,23130,17516,13647,10528,8802,7575,6381,5345,4505,3826,3278,2250,1148,605,5198,8996,10,10,0,0
28744,23249,17717,13405,10783,8762,7755,6621,5764,4014,3154,2371,4485,3283,3743,470,45,15,0,0,0
28757,23106,17584,13604,11176,9334,6797,7380,5434,4035,3575,3299,1314,1852,2264,119,30,4141,0,0,0
28772,23000,17606,13279,10389,9358,8246,7397,4688,4885,3529,2331,2651,486,218,420,2261,5,0,0,0
28766,23282,17550,13428,11029,9320,8069,6796,4781,4864,3670,2671,2659,2635,1090,107,52,0,0,0,0
28763,23037,17789,13665,10731,8517,8122,6286,5293,5241,3793,2478,2690,1001,2994,124,472,5,5,0,0
28762,23091,17357,13415,10951,9227,7504,6253,5045,4835,4245,3079,1768,2488,5213,3895,999,1719,5,0,0
28717,23068,17441,13659,10512,9404,7238,7177,5245,4114,4139,2789,3835,3555,5166,895,51,15,0,0,0
28752,23181,17454,13476,11092,8830,7844,6260,5422,4041,3277,3375,2158,1917,2588,126,1793,15,0,0,0
28756,23101,17435,13840,10365,9374,7193,6950,5436,4821,3830,1571,2993,749,5217,371,3787,0,0,0,0
28750,23224,17694,13467,11090,8727,7327,6239,4822,5232,3490,2754,1932,2447,887,1929,25,25,5,0,0
28780,23205,17503,13527,10836,8894,7394,6515,5057,3864,4035,2124,2851,1738,2207,719,2206,5,0,0,0
28813,23130,17674,13512,10681,8917,7832,6205,4861,4534,3071,2258,2767,1828,2167,8292,33,5,0,0,0
28764,23030,17726,13640,11366,9366,7916,5947,5923,4895,3173,1901,2622,2244,296,156,28,5,0,0,0
28757,23174,17275,13692,11148,9279,6945,6649,5049,3710,3973,2324,3300,3653,3857,98,3100,5,10,0,0
28781,23040,17365,13620,10917,9170,7521,5843,5457,4589,2771,2511,1340,1568,280,2014,43,20,0,0,0
28746,23110,17732,13531,10961,9481,7895,6857,5823,3933,3374,2570,2080,3032,827,902,25,5,0,0,0
28751,23096,17509,13714,11348,8520,7383,7358,5513,3865,4826,2893,4000,2460,2727,1704,40,30,0,0,0
28806,23312,17426,13472,10982,9349,7665,6661,5291,4403,3288,2966,3052,2148,2057,130,469,15,0,0,0
28754,23209,17297,13324,10270,9835,7969,6542,5703,3876,3287,2963,1706,1376,1871,123,40,0,0,0,0
28738,23008,17577,13768,11079,8620,7856,7198,5284,4174,4397,2922,2976,1926,588,1767,53,5,0,0,0
28791,23326,17705,13469,10533,9101,7103,6071,4971,3698,3449,3409,3217,1503,2878,3007,70,15,10,0,0
28751,23091,17472,13044,10815,9431,7833,6644,5248,4585,3243,2058,1647,2417,993,4297,7182,30261,5,0,0
28776,23104,17521,13866,11147,9581,7319,6486,5068,4508,3087,2506,2118,1360,1058,3809,25,10,0,0,0
28773,23085,17608,13574,10992,9086,7071,6728,5541,4913,3843,2912,2936,1403,1125,10033,40,22,0,0,0
28786,23265,17580,13600,10810,9072,7444,6603,5503,3787,2766,2092,3044,2081,1285,113,9167,14703,0,0,0
28758,23220,17543,14059,10940,9105,7320,6835,4948,4944,3093,3050,2640,675,1111,2532,40,10,0,0,0
28732,23085,17665,13869,11043,9164,7823,6894,5293,4432,3256,2063,2382,2254,1802,1674,40,948,0,0,0
28754,23069,17565,13486,10654,8924,7754,6202,5456,4010,3548,3481,2494,1904,1945,159,35,5,0,0,0
28753,23232,17719,13140,11010,9485,7997,6784,4921,4890,3502,3540,2388,1220,421,3746,5,20,0,0,0
28745,23202,17333,13682,10769,9683,7361,6794,5732,3893,3993,2886,2285,1268,1963,3679,55,5,0,0,0
28785,23108,17534,13762,10599,8980,7241,6052,5262,4261,3469,4037,2126,2133,3533,498,7923,10,0,0,0
28752,23213,17721,14008,11163,9473,7398,6265,5280,4228,3132,3431,2084,861,584,4102,55,15,5,0,0
28765,22936,17655,13706,10975,9369,8084,6594,5767,4295,3669,3650,3700,1813,1331,144,5090,5,0,0,0
28812,23059,17338,13740,10464,9393,7930,6397,5997,5533,4293,3280,2252,2180,1269,482,1676,15,0,0,0
28763,23133,17641,13452,10639,8981,8369,6143,5106,5166,2693,1934,2241,2105,1926,4155,2644,0,0,0,0
28790,23152,17540,13513,10821,9320,7390,6248,5443,4788,3899,2528,2167,2694,1091,8005,2568,10,5,0,0
28735,22978,17288,13196,10962,9713,7510,6343,5336,4133,3571,1993,1451,1686,624,1331,40,5,5,0,0
28792,23111,17570,13424,10958,8968,6741,6045,4954,3613,3693,2702,1813,471,560,119,10,6380,0,0,0
28801,23206,17500,13501,11213,8908,7983,6993,5353,4571,3916,2425,2268,1987,263,597,1238,20,0,0,0
28782,23025,17741,13531,11055,8994,7469,6584,5827,4367,3557,3689,2475,1165,887,1010,2722,5,5,0,0
28782,23101,17480,13448,11028,9629,7618,6190,5604,3239,3131,2854,2961,2413,3177,119,2616,5,0,0,0
28781,23145,17406,14003,10615,9121,7508,6918,5507,3675,3277,4455,2513,2190,1483,119,20,5,0,0,0
28764,22988,17309,13654,11009,9246,7509,5988,5144,4021,3832,3525,2615,1868,1591,69,35,0,0,0,0
28738,23006,17303,13783,10818,9276,7622,5807,5377,3548,3475,2693,2511,1595,214,132,7354,15,0,0,0
28771,23089,17505,13202,11091,9022,7845,6139,4926,5134,4584,2999,2215,3166,226,3447,57,20,0,0,0
28800,23197,17542,13843,11025,9104,7714,6565,5641,4345,4750,2436,1911,1647,1041,559,30,5,0,0,0
28748,23127,17831,13737,10788,9289,7607,6248,5035,4492,3594,2194,2316,1211,4485,4326,45,5,0,0,0
28790,23282,17457,13356,11209,8785,7973,6191,5463,3994,3981,3130,2515,2100,1371,85,2621,20,5,0,0
28774,23337,17430,13558,10934,8889,7886,7019,5360,4837,3460,3649,2964,999,995,2330,52,15,5,0,0
28777,23175,17515,13548,10804,9051,7820,6860,5791,4907,3089,2199,3291,2194,1825,3958,1307,30,0,0,0
28775,22958,17333,13683,10897,9387,7732,6297,5156,3784,3351,4129,1738,2978,1974,602,6692,0,5,0,0
28778,22944,17523,13651,11321,9347,7576,6702,5870,4214,3600,2171,4295,2409,1066,105,37,5,0,0,0
28748,23178,17611,13330,11275,9447,7843,6388,5354,3752,2812,2261,1745,2579,3180,101,60,10,0,0,0
28753,23135,17305,13785,11092,8931,7647,6760,6398,4290,3536,2878,1128,1679,6301,946,62,20,0,0,0
28745,23199,17552,13362,11470,9002,7378,6551,5311,4005,4250,4477,1420,1929,247,1695,72,15,0,0,0
28768,23168,17651,13452,11023,9026,7970,6908,6299,5112,3610,3060,2808,1355,4264,815,2167,10,5,0,0
28745,23205,17586,13406,10826,8922,6748,6765,4869,4455,3246,3339,2585,1603,720,119,30,10,5,0,0
28762,23129,17395,13535,10830,9157,7804,7181,5127,4625,2968,2044,2400,3345,825,1511,2405,30,0,0,0
28760,23201,17671,13430,10858,8975,7841,6763,5856,4099,2795,2597,2536,532,978,5302,2868,5,0,0,0
28769,23109,17867,13583,10500,8857,7194,6519,5437,4285,3189,3459,3056,4233,595,3271,35,15,0,0,0
28786,23040,17158,13501,11310,9540,7402,5801,5047,4442,3143,2786,1851,1245,2043,3827,8067,25,0,0,0
28769,22940,17357,13643,11140,9071,7713,6236,5055,4585,4429,3833,2095,2220,325,6776,40,5,10,0,0
28729,23046,17419,13689,11337,9528,7689,6433,5248,4547,3686,2084,2799,1565,232,4505,30,10,0,0,0
28779,23135,17836,13840,11373,8718,7411,6463,5850,3978,3192,3742,2842,1445,564,444,45,15,0,0,0
28815,23153,17262,13657,10702,8368,7313,6174,5211,4912,3425,3341,2072,1537,3216,3409,40,12,0,0,0
28773,23251,17411,13217,10791,8636,7361,6705,5509,3551,3890,4218,3475,3115,1482,75,40,10,0,0,0
28736,23369,17504,13947,11282,8759,7643,7293,4886,4904,2832,3655,4172,790,2799,107,40,30,0,0,0
28774,23289,17039,13714,11206,9188,6942,7098,6244,4780,2865,2808,1421,2022,1438,104,55,10,0,0,0
28771,23288,17531,13374,11063,9776,7406,6997,4652,4729,4868,2892,2703,1396,2589,55,30,5,0,0,0
28800,23234,17801,13833,10992,9046,8250,5763,5630,4333,3921,2057,2219,957,657,114,30,0,0,0,0
28766,23276,17418,13703,10594,9056,7273,5973,5627,3766,3580,2275,3713,2110,2948,588,35,5,0,0,0
28748,23027,17620,13631,10990,9210,7569,5908,6485,3758,3137,2988,2911,2616,2478,746,10,5,0,0,0
28761,23001,17567,13445,10948,9245,7526,6714,5469,4390,3236,2815,3577,1617,406,3829,39,10,0,0,0
28750,23123,17270,13959,11030,9162,7329,7022,6044,5119,3742,3423,2772,1096,4645,110,40,10,0,0,0
28770,23126,17574,13678,10956,9124,7531,6962,5260,4580,3822,2836,2007,1740,1074,83,20,15,0,0,0
28781,23068,17998,13776,11282,8772,7720,6574,5522,4556,3753,2325,2259,1902,315,5965,45,20,0,0,0
28776,23110,17599,13814,11061,8731,7323,6982,6059,4678,3410,1976,3115,2030,889,379,25,5,0,0,0
28746,23136,17446,13908,10724,9476,8213,6835,4876,4259,4034,2946,2131,2583,3292,1988,40,10,0,0,0
28778,23195,17559,13779,11055,9082,7473,6882,5065,5259,3218,2789,2026,2129,769,118,35,15,0,0,0
28772,23285,17369,13646,10903,8246,8081,5795,5453,4398,3642,2742,2329,2895,344,893,1501,10,0,0,0
28793,23238,17494,13673,10606,9137,7898,5722,5131,4879,4488,3578,3418,997,1524,2378,78,25,0,0,0
28771,23243,17383,13387,10630,9020,7633,6626,5530,5220,3979,2830,3150,2327,4460,1945,12280,10,0,0,0
28771,23125,17597,14251,11241,9138,7786,6878,5527,3966,3749,3640,1991,1921,3804,2711,35,15,5,0,0
28781,23126,17364,13523,10848,8933,7619,6421,4226,4338,4250,4383,2090,918,1729,170,59,5,0,0,0
28801,23093,17456,13370,11129,8640,7529,6934,4924,4627,3681,3510,3544,4742,990,2268,52,17,0,0,0
28784,23175,17659,13552,10668,9117,8019,5892,5441,4654,3514,2942,2014,1242,504,112,50,0,0,0,0
28757,23223,17443,13486,10901,9350,7893,6100,4950,4833,4116,4044,2417,4421,1107,1788,35,25,5,0,0
28751,23106,17609,13373,11206,8879,8228,6494,5212,4947,3691,3346,1059,1396,238,102,1188,30271,5,0,0
28729,23299,17323,13779,10972,9284,7532,6405,5100,5499,3746,2637,3036,1649,1254,1995,54,5,0,0,0
28759,23115,17636,13584,10893,8852,7462,6520,4763,4175,2921,2546,2647,6199,1376,4172,33,4194,0,0,0
28736,23034,17612,14107,10986,9114,7943,5772,5159,3774,2758,3226,3229,1381,656,749,45,10,0,0,0
28752,23148,17742,14038,10660,8922,7390,6727,5276,3839,3467,2586,1550,1432,1431,109,64,10,0,0,0
28766,23154,17470,13450,10592,9618,7413,5967,5245,4502,4209,3650,2832,944,1851,182,3866,5,0,0,0
28743,23079,17589,13770,10567,9101,7651,6402,5076,4051,3509,2426,2531,466,689,127,50,0,0,0,0
28769,23403,16980,13795,10830,9150,8009,5747,5324,3645,3481,3919,2543,1806,1243,2580,951,5,0,0,0
28720,23201,17466,13478,11004,9367,7532,6022,5071,4686,4069,2856,953,775,457,139,30,5,0,0,0
28741,23055,17511,13549,10978,8995,7786,6268,5890,4632,3756,5078,2554,2417,6166,2919,5875,5,5,0,0
28777,22929,17494,14235,11261,9122,7690,6507,4171,4825,2985,2500,1973,2323,2718,102,35,0,0,0,0
28746,23056,17403,13308,11634,9272,7763,6344,5734,4890,3178,1901,1575,1457,4500,691,35,25,0,0,0
28783,23061,17559,13384,10892,9421,8317,6345,5363,4120,4352,2654,2973,2729,986,1567,2129,0,0,0,0
28753,23246,17751,13685,11374,9213,7292,5738,5713,3988,3362,3976,2804,902,278,113,53,5,0,0,0
28774,23150,17442,13558,10749,9549,7992,6678,5340,4863,3371,2958,2484,459,1934,4522,55,0,5,0,0
28797,23080,17515,13184,11038,9012,7704,5699,4998,3782,3312,3201,1764,755,1862,145,43,10,0,0,0
28754,23142,17603,13608,11157,9161,7729,5728,5309,4870,3675,3133,1636,2480,2825,7915,30,10,0,0,0
28730,23135,17593,13410,10968,8987,7809,6791,5073,4273,3842,2042,3240,1816,1351,5329,2429,5,5,0,0
28747,23067,17500,13495,10775,8877,7697,6201,5005,3859,3730,2970,2478,1614,1306,3165,2225,15,0,0,0
28755,23083,17721,13331,10656,9255,7606,6119,4485,4435,2873,3823,2485,1420,2102,104,40,30271,0,0,0
28769,23112,17385,13891,10631,9137,7278,5918,5318,4647,3706,2320,1247,1150,409,126,35,20,5,0,0
28788,22922,17202,13593,10869,8972,7272,7697,5223,3665,3669,2614,1778,1740,3025,72,20,10,0,0,0
28765,23063,17693,13603,10652,9298,7631,6826,5580,4320,4069,3810,2592,2635,212,1862,1950,20,0,0,0
28754,23091,17550,13605,10741,8692,6992,6393,6016,3933,3824,2933,1836,2212,1510,130,45,5,0,0,0
28787,22975,17457,13688,11466,9628,7475,7073,5674,4448,4351,2816,2550,3228,1322,5487,35,0,0,0,0
28764,23084,17575,13327,10944,9476,7356,6451,5983,4199,3109,3672,1417,2394,1049,133,50,5,0,0,0
28782,23108,17565,13399,10542,9272,7846,6311,5076,3795,3370,3060,2118,1038,859,82,22,10,0,0,0
28772,23071,17372,13768,11458,9279,7428,6439,5371,4401,3619,2472,1884,2414,2097,122,42,5,0,0,0
28762,23097,17604,13673,10797,9602,6918,6507,5682,4174,3660,2906,2338,2187,5878,104,30,0,0,0,0
28767,23044,17436,13306,10972,9657,8024,6813,5187,4316,2856,2989,1340,1329,495,2069,20,15,10,0,0
28764,22975,17539,13451,10960,9098,8098,6470,5421,4405,3070,2126,1569,956,1172,94,11130,15,0,0,0
28769,23146,17514,13424,10972,9273,7992,6246,5432,4092,3322,3868,2322,1142,2845,3034,8273,10,0,0,0
28799,23137,17340,13760,11181,9284,8016,6650,5050,4622,3460,2192,3944,4472,446,2909,2016,0,0,0,0
28770,23147,17585,13655,11039,8729,7493,6755,6009,4371,2408,2224,4004,1217,4237,4440,475,5,0,0,0
28743,23234,17524,13894,10938,8962,7768,6376,6205,4839,3483,3112,4356,911,1408,108,25,5,0,0,0
28749,23068,17420,13746,10648,8928,7590,6252,5372,4932,3818,2332,1379,1020,3669,117,85,0,0,0,0
28774,23184,17773,14002,10702,9163,7797,6466,5679,4433,3329,2637,2251,1889,248,117,2222,13,0,0,0
28774,23172,17599,13718,11106,8771,7373,6667,5708,4158,3840,2733,2878,659,3353,1619,25,10,0,0,0
28724,23249,17662,13997,10712,8500,7430,6577,6026,3853,3960,3367,1525,1090,497,1386,5785,10,0,0,0
28781,22993,17446,13630,10504,9243,7998,5734,5689,3846,3876,2641,2076,2495,835,76,20,10,5,5,0
28748,23177,17693,13980,10835,8911,7953,6295,4968,3976,3777,2446,3673,709,3106,3024,64,10,5,0,0
28772,23144,17732,13587,11090,8441,7865,6632,5084,3871,3435,2823,1537,2563,779,10949,50,0,0,0,0
28745,23084,17584,13212,10982,8500,7910,6097,5478,3719,3848,4040,1583,2411,525,100,35,20,0,0,0
28782,23285,17474,13568,10752,9152,7733,6861,4840,4274,4487,2385,4345,2945,781,712,37,0,0,0,0
28754,23215,17295,13828,11151,9296,7922,7368,5143,4622,4354,3177,2524,1429,2875,1620,40,23492,0,0,0
28772,23091,17495,13526,11002,9134,7381,5868,5573,4009,2860,2708,3509,754,312,183,45,10,0,0,0
28770,23209,17586,13439,11143,9421,7277,6375,5772,4817,3275,3662,3139,480,771,3444,25,10,0,0,0
28756,23091,17747,13652,10916,9008,7487,7194,4766,3782,3470,2403,1909,2297,2507,5379,20,10,0,0,0
28766,23155,17579,13153,11460,9295,7489,6619,5337,3947,4125,3417,3728,3637,1174,95,56,5,5,0,0
28762,23139,17750,13108,10917,8272,7821,6214,5754,4654,3670,2395,3691,1555,5715,673,4725,5,0,0,0
28781,22988,17517,13475,11149,9029,7690,6710,4983,4501,3720,2198,2387,1435,265,126,25,5,0,0,0
28763,23088,17353,13071,10641,9212,7773,7022,5700,4152,4032,2355,2072,2661,1201,130,4823,0,5,0,0
28790,23159,17729,13984,11321,8597,7646,6458,5506,4298,3462,3849,2142,1361,3035,7815,43,15,0,0,0
28813,23238,17670,13448,10694,9296,7642,5979,6011,3422,2613,3807,1612,2828,549,121,55,25,0,0,0
28762,23110,17192,13777,10740,9228,7691,5924,4742,4416,3705,3646,2273,2867,742,889,8545,10,0,0,0
28776,23172,17548,13706,10698,9406,7553,5916,5937,3844,3336,3127,2594,1954,638,1029,35,5,5,0,0
28780,23091,17145,13627,10547,9036,6725,6319,5834,4451,4375,2697,1235,1663,350,2512,25,15,0,0,0
28797,23274,17765,13968,11475,9863,7506,5928,5127,4888,3629,2476,2270,1737,3239,3522,5110,5,5,0,0
28756,23305,17492,13726,11308,9310,8214,6623,5796,4973,3033,2603,3601,2107,1285,112,49,5,0,0,0
28769,23328,17577,13569,11550,9405,7483,5626,5814,4267,5012,2409,3177,1873,5867,140,25,10,0,0,0
28729,23184,17466,14047,10920,9035,8015,6699,4817,4500,2742,3918,2834,1114,1645,137,55,20,0,0,0
28765,23074,17311,13617,11304,9091,7690,7188,4680,4971,3106,2465,3541,2656,1439,84,45,5,0,0,0
28743,23031,17775,13474,11019,8958,7994,6128,5079,5091,3146,3520,3099,1114,805,3684,55,15,5,0,0
28759,23108,17802,13782,11403,8856,7389,6090,5100,5309,3700,4541,1810,1589,194,1325,35,35,5,0,0
28782,22866,17536,13407,11000,8922,7607,6646,5709,4996,4278,3070,3164,4049,1633,133,70,5,0,0,0
28697,23287,17516,13496,10860,8707,7508,6422,5789,3964,4184,2872,1799,2355,1125,585,55,5,5,0,0
28817,23076,17558,13798,10832,9196,7330,6767,4836,5113,3698,2807,2734,2533,994,93,1278,8,0,0,0
28803,23183,17752,13175,10933,8686,7711,6249,4796,4426,3142,2919,1931,1654,771,380,60,10,0,0,0
28744,23055,17553,13824,10718,9820,7812,6670,5898,4659,4083,2422,2029,1718,258,133,2099,9,0,0,0
28809,23129,17415,13582,10953,8941,7897,6404,4986,4283,3371,1860,3108,1380,2146,1331,40,0,0,0,0
28764,23013,17441,13544,11069,9017,7537,6060,4994,4269,3416,2495,4164,1747,2533,77,40,0,0,0,0
28749,23396,17369,13771,11280,9747,8094,6930,5472,4917,2776,2209,2964,3755,299,103,47,15,0,0,0
28783,23138,17688,13376,11361,8526,7836,6586,5586,4062,2831,3876,1035,4209,361,90,55,10,0,0,0
28752,23057,17451,13581,10611,8819,7957,6551,4716,5069,2537,3385,1606,1914,4805,75,42,12663,0,0,0
28767,23070,17505,13635,10897,8755,7433,6260,4607,4580,3830,2461,1880,4790,4771,7827,53,5,0,0,0
28795,23236,17759,13524,10696,8953,7709,6275,6206,4768,3880,3425,1211,1217,1924,78,20,10,0,0,0
28730,23079,17216,13705,10637,9252,8115,6394,5287,4456,2928,2690,1996,865,3216,685,4719,15,0,0,0
28756,23111,17395,13502,10794,9167,7640,6554,5003,4859,3673,4260,2045,1474,175,1955,3882,0,0,0,0
28740,23011,17474,13581,10707,9466,7516,6858,5628,4383,3027,2148,3341,3094,792,139,50,5,0,0,0
28731,23202,17294,13303,11072,8976,8317,6354,5373,4066,2971,2343,4120,2332,2716,696,64,25,0,0,0
28787,23107,17229,13589,10737,9467,7635,7516,5364,3256,2993,3226,4368,3367,541,1372,37,22635,5,0,0
28740,23307,17410,13772,11026,8918,7133,7196,5146,4108,3981,3243,2851,3783,948,2678,37,20,0,0,0
28759,23016,17504,13698,11071,9065,7128,7438,5036,3939,3641,2298,1388,820,3338,804,73,15,0,0,0
28768,23167,17385,13398,11279,8977,7477,6362,5719,4835,3095,2998,1703,979,3027,75,35,10,0,0,0
28778,23197,17433,13461,11248,8786,7774,6265,5352,5607,3333,2646,1301,1989,248,118,25,15,0,0,0
28768,23130,17498,13401,11006,8763,7518,6899,5140,3959,4311,2570,2017,1847,2568,3108,45,15,0,0,0
28792,23259,17518,13387,10876,8790,8152,6185,5038,3920,3624,3701,2783,612,994,618,35,5,0,0,0
28772,23243,17729,13616,10914,9329,7477,6102,5291,3862,3967,2206,1640,483,216,2536,80,20,0,0,0
28754,23062,17846,13990,11299,9065,8139,6425,5877,3869,3701,1790,2374,1479,3652,2098,1694,30,5,0,0
28737,23081,17280,13541,10955,9130,7694,6198,5101,4327,3691,2322,1644,2396,2163,2394,40,15,5,0,0
28777,23211,17373,13431,11010,9038,6988,6228,5050,4235,3003,2140,2152,490,331,734,2832,10,0,0,0
28750,23197,17262,13364,10529,9209,7420,6700,5562,4500,2880,2897,3729,1380,245,149,44,15,0,0,0
28746,23103,17625,13586,11244,9142,8110,7104,5063,3681,4136,2913,3616,716,2193,429,37,5,0,0,0
28757,23114,17381,13756,10381,9591,7866,7258,5411,4264,2949,2062,3521,3269,967,8283,65,10,0,0,0
28741,23149,17336,13788,11002,9272,7180,6941,5602,4254,4608,3660,2364,1821,211,156,50,5,0,0,0
28759,23213,17583,14141,10960,9457,7582,6325,5566,4429,4378,3385,1649,3178,5117,115,6618,10,0,0,0
28759,23199,17571,13791,11215,9460,7208,6691,5152,4316,3376,3522,2564,604,3459,425,40,0,0,0,0
28820,23136,17361,13339,11164,8866,7256,6602,5173,4335,3313,2582,2329,857,803,1755,9420,5,10,5,0
28750,23236,17873,13514,11147,9089,7387,5761,5802,4648,3715,3542,2410,3181,1969,9732,25,10,0,0,0
28796,23245,17743,13399,10801,9129,7273,6191,4247,4134,4653,2815,2675,612,289,1378,1809,15,5,0,0
28745,23088,17822,14007,11195,8725,7985,6208,4808,4348,3648,3133,2536,1991,360,2473,35,15,0,0,0
28781,23097,17371,13712,10835,8731,8298,6142,5375,4367,3358,2883,1870,2381,1387,1561,45,0,0,0,0
28813,23118,17638,13736,11083,8576,7496,6371,5014,4597,3303,3131,3300,3795,563,85,3072,19300,0,0,0
28798,23197,17249,13342,10777,9173,8031,6754,5135,4666,4064,2303,1731,2247,212,4908,50,28485,5,0,0
28764,23299,17453,13290,10364,9209,7432,6709,4796,4713,3251,2687,1018,775,1204,2568,50,20,0,0,0
28775,23113,17690,13533,10922,9531,7387,6674,5564,4044,3436,3766,1621,1711,1026,3210,415,5,0,0,0
28776,23206,17742,13454,10742,8965,7127,6390,4957,3307,3008,3886,1678,1611,927,524,35,10,5,0,0
28803,23108,17196,13207,10940,8902,7540,7199,4990,4184,2596,4054,1882,1901,999,3590,35,0,0,0,0
28779,23077,17692,13677,10962,9598,7232,6185,5671,3669,4087,2470,1921,1205,842,120,40,0,0,0,0
28750,23244,17499,13258,11066,9096,8057,6555,5964,5224,3209,3187,1374,2627,1114,108,50,5,0,0,0
28777,23278,17367,13287,10942,8811,7284,6783,5153,4197,3885,2536,2471,859,549,1398,65,20,0,0,0
28759,23269,17462,13475,10929,9248,7271,5852,5142,3939,3030,2035,1612,2409,1078,1266,18661,10,0,0,0
28744,23154,17703,13608,10572,9607,8131,6861,5728,5609,4267,2153,2366,1587,770,1501,3294,0,0,0,0
28821,23116,17774,13556,11346,8492,7656,6471,5396,4325,4474,2272,4402,1433,483,971,6169,10,0,0,0
28762,23021,17474,13939,10651,9008,7792,5820,5125,5386,2862,2665,1796,1345,1386,121,40,10,10,0,0
28782,23212,17569,13561,11189,8935,7126,6689,5300,4699,4329,4391,1532,1429,943,79,36,10,0,0,0
28770,23321,17568,13950,11011,9185,7632,6487,4910,4922,3697,1866,3306,2951,975,1798,40,15,0,0,0
28794,23052,17461,13625,10835,9232,8215,7063,5214,4379,3551,2769,2749,1582,2761,99,5811,10,0,0,0
28790,23087,17232,13678,10410,8847,8118,6277,5055,5331,4422,2398,938,518,2252,2727,1127,5,5,0,0
28823,23202,17686,13691,11076,9021,8255,6344,5889,5405,3504,2694,2222,1869,875,1408,40,20,0,0,0
28773,23129,17849,13675,10796,9402,7595,6468,5174,4651,3612,3018,1513,973,209,3756,7608,4120,5,0,0
28775,23285,17355,13514,11271,9076,7325,6720,5074,4728,3261,2431,2439,520,2146,5323,30,30266,0,0,0
28749,23130,17395,13281,11156,9223,7927,6803,4933,4780,3674,3279,2418,1089,1423,106,2071,0,0,0,0
28718,23156,17263,13833,10948,9046,7428,6536,5014,4522,3627,2596,2138,2096,1318,159,7565,5,0,0,0
28783,22934,17288,13329,11087,8926,7409,6616,5088,4347,2679,2634,3203,1633,250,167,40,5,0,0,0
28749,23016,17288,13823,10916,8938,7730,5832,4844,3741,4351,3354,2178,992,3428,5633,38,10,0,0,0
28735,23196,17377,13448,11004,8632,7857,6856,5437,4292,4663,2803,2093,1198,2685,1159,1639,15,5,0,0
28748,23105,17371,13804,11060,9350,7258,6347,4641,4238,3733,2526,3709,2044,2405,740,841,15,0,0,0
28745,23257,17461,13331,10401,9359,7658,6414,5245,4340,3551,2245,2409,2429,847,149,50,20,10,0,0
28790,22910,17996,13369,10917,8760,7444,6732,5342,4723,3407,2000,2277,3396,1180,11718,23,15,0,0,0
28726,23075,17565,13556,10942,8296,7476,5676,5385,4587,3499,2559,2268,2369,952,5326,177,10,0,0,0
28794,22938,17430,13889,10970,8851,7562,6425,5178,4487,4757,3112,1214,602,1313,120,45,6217,10,0,0
28740,23244,17580,13422,11407,9640,7330,6071,4851,4166,4289,2566,1023,2184,952,2210,2204,5,5,0,0
28775,23040,17517,13576,10717,8761,8199,6811,4850,3933,3393,2542,2822,2861,852,2253,52,30,5,0,0
28767,23071,17751,13815,10767,8749,7654,6375,4958,4828,2884,3188,2418,1869,1323,156,2155,15,5,0,0
28786,22949,17332,13455,11504,9657,7482,6397,5572,4069,3434,3075,1806,1067,3065,954,641,10492,0,0,0
28718,23171,17165,13525,10731,8950,7444,6544,6289,5058,3283,2070,2533,511,628,4511,6518,15,10,0,0
28795,23159,17590,13410,10413,8655,7925,6691,4689,4479,3909,2409,2299,1172,3128,2547,68,5,0,0,0
28744,23237,17307,14031,10510,9369,8364,6283,6094,4392,4275,2762,2818,2466,4585,85,45,10,0,0,0
28749,23117,17748,13716,11169,9416,7480,5911,5494,4680,3468,2110,2302,869,3648,3917,35,10,0,0,0
28756,23134,17336,13809,11704,9198,7374,6600,5514,4512,2538,2489,2248,1634,610,1916,2294,20,0,0,0
28752,23217,17360,13871,11026,9478,7545,6684,5080,4301,2904,3650,1708,1834,2145,158,3794,10,0,0,0
28759,23315,17784,13921,10921,9289,7447,6451,5274,3774,3889,3551,1593,1016,331,3801,45,10,0,0,0
28791,23038,17413,13809,11256,8970,6693,5653,5048,4967,3208,2715,1338,2179,2216,87,30,20,0,0,0
28772,23023,17454,13642,10984,9326,7260,6279,4883,3561,4302,3326,2001,898,3442,1445,63,15,0,0,0
28720,23255,17855,13347,10839,8715,7898,6766,5017,4311,3689,2618,1690,1056,1029,3330,15,32,0,0,0
28798,23231,17525,14065,10764,8899,7860,6499,5844,3460,3337,2677,3401,1801,2990,4117,44,0,0,0,0
28740,23265,17532,13479,10572,8731,7664,6323,5955,4769,2702,2978,1891,1255,3219,138,15,10,0,0,0
28777,23062,17280,13585,10868,8595,7694,6530,5162,3982,3441,3210,2187,1277,201,7105,22,30,0,0,0
28773,23127,17306,13731,10232,9277,7544,6711,5713,4258,5489,2527,2441,689,406,241,35,10,0,0,0
28824,23177,17256,13710,11041,9134,7593,6286,5314,3418,3962,2262,1873,1793,1194,2732,42,15,0,0,0
28758,22903,17197,13360,11115,9057,7807,6532,5384,4408,3896,3374,1955,686,2634,5710,60,0,0,0,0
28782,23188,17764,13277,10771,9133,7246,5955,6124,4108,4225,3143,1878,1617,745,4071,50,10,7,0,0
28819,23209,17559,13409,11205,8996,7593,6441,5821,3885,3518,2345,2097,2391,2098,126,95,5,0,0,0
28793,23139,17520,14142,10865,9170,7662,6401,5397,3943,3449,3727,3120,1937,2342,100,20,30,0,0,0
28768,23133,17782,13172,11124,9448,7514,6573,4992,4349,3340,3283,3444,566,224,60,40,15,0,0,0
28767,23082,17573,13475,11158,9373,6960,6929,4983,5039,3857,2657,2472,790,290,134,1609,30237,0,0,0
28801,23188,17454,13815,10674,8980,7912,5972,5764,3986,3392,2066,2045,1140,1301,4146,35,15,0,0,0
28737,23107,17636,13881,11206,9069,8112,6819,5020,4114,2899,2366,3656,1814,1715,6074,40,15,0,0,0
28752,23340,17271,13739,11139,9162,7417,6635,6137,4757,3905,2907,2869,2537,200,695,50,30276,10,0,0
28722,23077,17424,13536,10946,8563,7417,6155,5289,4165,3252,4289,2314,1650,1044,108,19630,18593,0,0,0
28745,23214,17478,14126,10787,9360,7483,6243,5331,4426,3493,3737,3184,1513,393,129,35,25834,0,0,0
28776,23111,17447,13973,10889,9015,8175,6277,5416,5106,3367,2890,1013,1195,1956,4422,1839,12,0,0,0
28729,23322,17293,13696,11140,9194,7753,6480,5560,4131,3299,2382,1415,2485,2218,602,1517,10,0,0,0
28770,23122,17534,13862,10775,9718,7542,6714,5153,4451,4294,1878,3000,1623,1383,2271,45,18681,5,0,0
28756,23008,17690,13232,10708,9786,7669,6735,5557,4035,2646,2142,3144,1404,1568,1300,65,5,0,0,0
28757,23056,17629,14317,10466,8950,7503,6485,5785,4643,3084,3112,1883,2249,978,113,30,0,0,0,0
28770,23024,17640,13712,11139,8507,7700,6594,5627,5305,4125,3199,2579,2620,2056,130,7368,0,0,0,0
28804,23178,17553,13536,11365,9854,7826,6707,5610,4496,4542,3061,2987,4135,1421,543,30,20,0,0,0
28746,23108,17217,13723,11068,9423,7855,5858,5835,5128,3970,2865,3116,3066,217,482,45,12,0,0,0
28793,23189,17660,13892,10987,8774,7430,6936,5673,4044,3654,2733,1756,3209,3188,127,52,0,0,0,0
28751,23201,17346,13545,10844,8823,6952,6228,5752,5202,3830,2835,1430,1244,1251,2350,35,15,0,0,0
28783,23113,17465,13728,11044,9253,7267,6871,5003,4694,4159,3802,2550,1238,6112,154,57,5,0,0,0
28818,23130,17773,13743,11012,8658,7293,6661,5214,3969,3407,2361,2426,2944,758,103,58,15,5,0,0
28764,23122,17439,13490,10956,8815,7288,6383,4766,5325,4390,3117,3001,2715,813,5178,59,0,10,0,0
28745,23296,17359,13560,11266,8850,7892,6654,5119,3710,3036,1862,3929,693,4797,100,50,5,0,0,0
28759,23256,17608,13483,10422,8745,7918,6608,6406,3797,4933,3954,2496,2937,1972,121,25,20,5,0,0
28774,23088,17503,13715,11514,8657,8208,5720,5387,3437,3578,3823,2371,2210,2852,137,9782,5,0,0,0
28783,22930,17824,13899,10585,9089,7583,6413,5016,4621,4327,2771,2572,1137,306,4560,25,10,0,0,0
28796,23277,17322,13377,11234,8890,7388,5877,5737,5301,3685,2933,3066,2459,501,92,47,11803,0,0,0
28776,23127,17374,13096,11282,8792,7744,6675,5177,3697,3879,2869,1082,2224,2727,109,45,5,0,0,0
28811,23089,17789,13805,10551,8951,7575,7124,5359,5945,3370,3270,1931,1260,2516,82,5405,5,0,0,0
28757,23010,17385,13410,11298,9256,7573,6668,5114,4261,3026,2637,2872,1546,725,629,1591,30266,0,0,0
28753,23039,17496,13697,11054,9275,7436,6377,4519,3568,4536,2034,2427,2694,1143,1666,1566,0,0,0,0
28764,23222,17264,13644,11416,8948,7495,6392,5742,3685,3086,3018,2310,1775,1801,1814,65,5,0,0,0
28749,23094,17469,13972,10695,9409,7173,6645,5653,4794,4090,2305,1192,2444,282,128,50,10,0,0,0
28765,22915,17564,13161,11016,8801,7429,6448,5383,4355,4261,3074,1768,4719,3150,80,40,10,5,0,0
28828,23095,17484,13748,11122,8986,7652,5690,5975,4653,3429,2394,2292,1033,5735,138,30,20,0,0,0
28766,23301,17700,13868,11140,9351,7506,5923,5474,4052,3604,3122,4047,1901,1418,1589,35,5,0,0,0
28717,23021,17225,13734,10902,9360,7356,6764,5155,4419,3615,3961,1905,591,205,2916,25,7,0,0,0
28761,23062,17775,13381,11090,8890,8261,6648,5145,4470,3606,3042,1059,1785,245,3011,20,5,0,0,0
28749,23111,17469,13665,10831,10018,7372,6257,5191,4328,3225,3016,3149,2272,1727,689,35,30272,0,0,0
28779,23289,17307,13448,10962,9081,7268,5900,5771,4686,3945,2894,3065,1282,2258,1307,45,10,0,0,0
28726,23122,17623,13444,10759,8962,7694,6706,5317,4521,4109,5371,2830,2829,5159,105,55,0,0,0,0
28762,23164,17439,13692,11114,8900,8330,6271,5111,4008,3930,2539,1597,3945,1328,102,30,0,5,0,0
28798,23056,17365,13577,11156,9424,7541,6588,6257,5160,3205,3999,2157,1505,1706,95,6306,15,0,0,0
28796,23161,17452,13243,11165,8640,7520,5715,5391,4895,3382,2260,1161,2068,890,972,30,15,5,0,0
28732,23008,17491,13702,10774,9240,7170,6615,5372,4280,3680,2604,2634,767,220,140,58,10,5,0,0
28777,23039,17340,14071,10672,9290,7535,6759,6002,4380,3486,3631,1912,1624,1566,110,55,15,0,0,0
28785,23126,17781,13681,11126,9076,7878,6507,5721,3317,3270,2859,2003,1045,3373,114,40,8,0,0,0
28780,22984,17267,13522,11332,8588,7680,6163,5420,4240,4766,3418,2878,2911,273,225,35,10,0,0,0
28755,23097,17452,13732,11263,8757,7262,6413,5107,5134,2416,2127,2965,840,1410,211,30,5,0,0,0
28757,23070,17351,13981,10898,9470,7972,6058,5307,4507,2827,2161,2415,3659,851,1823,50,10,0,0,0
28779,23051,17632,13793,10812,9235,8252,6289,5325,3631,3501,3279,3346,1737,508,1311,30,5,5,0,0
28782,23057,17460,14370,10892,9379,7220,6355,4844,4936,3048,2946,2613,1925,771,664,3436,6518,5,0,0
28744,23112,17602,13897,10761,9197,7300,5771,6298,4451,3461,2837,2878,2242,893,3419,2205,0,5,0,0
28776,23371,17399,13638,10524,8708,7666,6662,4678,4929,4185,3080,1974,1195,1135,3451,67,0,0,0,0
28760,23240,17438,13616,10841,9228,7785,6457,4604,4199,3332,2887,2639,2579,1675,125,40,5,0,0,0
28782,22997,17537,13459,10818,8744,7361,5714,5138,4465,3735,2402,1747,1921,1850,2880,1707,20,0,0,0
28746,23074,17823,13679,10988,9568,7912,6058,5429,3928,4028,2468,1693,2744,1101,1777,242,10,10,0,0
28740,23035,17816,13579,11335,8589,7624,6041,4968,4029,3570,2675,3011,1434,1773,105,67,30271,0,0,0
28785,23067,17825,13640,11001,9281,7767,5818,5274,4501,3460,2252,2857,3605,4738,143,30,15,0,0,0
28747,23033,17523,13706,10166,9054,7691,6263,5486,3735,2403,3257,1564,831,872,2179,45,15,0,0,0
28756,23163,17365,13812,10982,9967,8214,6147,5845,4746,3483,2031,834,1253,295,5951,1770,27624,0,0,0
28770,23026,17968,13566,10906,10022,8533,6006,6349,4347,4177,2221,3576,2559,717,248,891,15,10,0,0
28766,23349,17604,13587,11055,8708,8089,6038,5742,4929,2820,3522,2088,3498,2360,3495,25,5,0,0,0
28793,23236,17858,13668,10942,8249,7696,6905,5377,4958,2817,1676,2012,1805,2376,102,35,5,0,0,0
28812,23114,17862,13576,11157,9098,7996,6888,5651,4608,3126,2900,1482,3317,1096,115,30,10,0,0,0
28742,22983,17266,13600,11021,8711,6451,6408,5588,4516,3552,4040,3814,1982,282,143,30,15,5,0,0
28707,23096,17531,13402,10603,9000,7919,6356,5019,5218,3302,2758,1421,1755,480,95,50,20549,0,0,0
28775,23071,17593,13712,11016,8934,7564,5646,5458,3985,3637,2423,1836,976,742,400,62,10,0,0,0
28785,23082,17719,13644,11499,8907,7757,6070,5426,3964,4172,3226,1790,2457,569,309,25,5,0,0,0
28783,22953,17584,13567,11070,9600,7182,6274,5238,4706,2685,3085,3003,2220,1095,1495,47,5,0,0,0
28784,23218,17801,14045,10814,8886,7902,5799,5498,4443,4231,1773,2634,2748,578,1342,831,5193,0,0,0
28766,23272,17628,14005,11493,9194,7197,6024,5359,4062,3398,1844,3474,2242,5400,92,45,0,0,0,0
28792,23076,17375,13258,11448,9004,7577,6826,5133,3207,4294,2880,1196,2065,467,2531,3006,15,0,0,0
28783,23272,17221,13510,10863,9023,7939,6467,5470,4104,3780,3318,4125,951,1404,160,35,10,0,0,0
28743,22955,17524,13851,10869,9014,7237,6545,5682,4877,3647,2353,1493,3447,3170,4473,30,15,0,0,0
28751,23105,17415,13358,11416,9036,8055,6532,4747,4256,4221,2124,2278,2471,1775,391,1424,10,0,0,0
28786,23009,17787,13885,10886,8873,7652,6432,5588,4249,4060,2515,1543,3465,2284,1667,47,10058,0,0,0
28797,23166,17792,13951,11003,9345,8130,6839,5109,3924,3596,2497,2904,1184,456,95,52,15,0,0,0
28708,23111,17804,13996,11132,8810,7413,6557,5195,4841,3311,3361,2814,1395,1184,3474,8560,10,10,0,0
28745,22966,17404,13599,11059,8927,7802,5755,4906,4150,3890,3424,2511,2199,3168,3340,1156,15,0,0,0
28802,23033,17774,13640,10602,8574,7667,6465,5280,3639,3218,2905,1640,1562,2739,6345,28,0,0,0,0
28756,23119,17461,13487,10988,8762,7627,6648,4917,4107,3792,4335,2026,1023,271,2713,45,10,5,0,0
28763,23094,17509,13881,11069,8425,7682,6167,6179,4892,4213,2835,1289,2200,2582,5047,30,15,0,0,0
28776,23173,17747,13541,11024,9391,7313,6106,5036,4071,2723,3078,3047,822,1148,1212,10270,0,0,0,0
28748,23278,17174,13569,10793,9158,8261,6065,5441,3552,4137,4286,1443,1870,335,79,30,0,0,0,0
28757,23126,17546,13594,10752,9187,6944,6137,6137,4937,3177,2749,2373,2500,4336,418,12518,23,10,0,0
28797,23317,17461,13552,11156,9475,7480,6159,5223,4542,3524,3276,2855,4382,498,5453,20,15,0,0,0
28734,23093,17939,13851,10889,9227,7626,5976,5298,4582,3038,2789,1765,963,444,103,52,15,0,0,0
28770,23176,17436,13861,10852,9003,7337,7493,5471,4800,4294,2379,2391,2389,520,3148,15,5,0,0,0
28753,23196,17757,13409,10926,8748,7833,6157,5696,4347,4227,2373,2503,3754,1448,115,961,10,5,0,0
28779,22992,17547,13561,10517,8802,7190,5866,5426,4120,2995,2633,1607,1816,2886,92,25,0,0,0,0
28734,23154,17363,13893,11069,8785,7688,6785,5771,4888,2762,2773,1770,1669,256,1415,60,22,5,0,0
28779,23419,17414,13525,10950,9106,7903,6008,5794,4285,3640,2188,1341,1158,750,1332,40,10,5,0,0
28754,23235,17639,13639,10433,9676,7562,5983,4862,4903,4291,2725,1642,2317,1454,3313,1370,0,5,0,0
28769,23014,17362,13371,10784,9829,8068,5982,5073,3983,3907,2302,3268,1634,888,5664,47,25,0,0,0
28742,23182,17698,13679,10906,9976,7381,6149,5159,4123,4382,3285,905,998,1477,820,35,15,5,0,0
28723,23197,17319,13420,10703,9016,7864,5618,5385,4543,3056,2852,3776,1234,678,95,25,5,0,0,0
28720,23043,17835,13585,11279,9264,7638,6972,5170,4483,4369,3140,2154,4518,2497,4577,5013,15,5,0,0
28758,23157,17650,13866,11068,9305,7282,6376,4952,4142,3295,3250,2044,1039,2583,6327,20,21439,0,0,0
28717,22988,17611,13910,10890,8753,7449,6700,5170,3940,3209,2436,1503,1935,1282,1987,45,23878,5,0,0
28727,23194,17736,13822,10884,9134,7491,6751,4847,4466,3598,1972,2805,2110,1172,130,35,6645,0,0,0
28793,23029,17582,13520,11221,8562,8029,6337,6002,4393,2896,3148,2991,2384,527,2942,33,0,5,0,0
28766,23062,17343,13942,10539,8674,7756,7286,5775,4782,4036,2239,1292,1538,1366,95,30,15,0,0,0
28768,23041,17768,13577,10883,8869,7747,7081,5811,4419,3243,3269,2475,1999,570,2110,1216,15,0,0,0
28792,23000,17616,13502,10816,8737,7314,6076,4574,4465,3681,3241,2736,1664,2881,1333,6201,5,5,0,0
28765,23153,17395,13604,10917,9497,8038,5722,5409,4288,2815,2327,2301,402,6432,116,55,0,0,0,0
28773,23139,17355,13659,11172,9621,7589,6555,4936,4737,3284,2673,2649,3360,1538,4175,52,0,0,0,0
28741,23282,17447,13865,10926,9362,7202,6139,5150,4938,3086,3129,3408,2481,415,55,15193,10,0,0,0
28763,23099,17636,13520,11188,9096,7477,7375,5112,4133,2973,3254,2890,1312,2764,4533,6777,7,0,0,0
28776,23162,17633,13971,10946,9178,8430,6381,5503,3876,3580,1999,2822,3711,1297,132,20,22902,0,0,0
28741,23130,17472,13594,11259,8989,7236,6104,5894,4219,2933,2615,2582,2400,1903,1179,10963,5,0,0,0
28756,23191,17481,13863,10552,8727,7176,6210,5540,4789,3491,3645,2325,1709,3696,267,36,10,0,0,0
28744,22982,17820,13627,11041,9499,7871,5860,5338,4718,3987,2671,2715,2455,862,107,60,5,0,0,0
28757,23280,17338,13654,11094,8848,8230,6308,5424,3978,3423,2451,3672,1802,594,10571,5832,10,5,0,0
28758,23105,17816,13741,10697,9714,7058,6925,5269,4261,3034,2610,1189,3090,4188,228,20,0,0,0,0
28804,23156,17396,13365,11406,8951,7666,5790,5104,4658,4177,3510,3751,2150,2028,3037,6011,0,0,0,0
28766,23081,17491,13552,10574,8894,7594,5976,4757,3830,3803,3216,1666,1783,1407,153,20,10,0,0,0
28786,23226,17442,13173,11216,9183,7419,6238,5797,4093,2650,2478,2409,1703,4265,157,3374,0,0,0,0
28740,23162,17705,13448,11145,8942,7573,6330,6090,4429,2797,3689,2143,2212,253,1651,40,20,0,0,0
28772,23044,17567,13550,10880,9285,7368,6431,5949,4957,3646,2568,2629,3665,964,105,45,20,0,0,0
28754,23175,17739,13588,10808,8911,8230,6692,5853,4514,3519,2779,1871,1329,4650,90,40,10,0,0,0
28800,23121,17411,13773,10918,9756,8074,6749,5557,5106,3013,3569,2426,869,893,162,44,10,5,0,0
28772,23212,17301,13209,11394,9014,7967,6285,4955,4373,3244,2773,3067,1262,1952,2409,3943,5,0,0,0
28773,22939,17556,13310,10681,8556,7340,6643,5091,3792,4285,2209,3335,2528,633,1382,30,20,0,0,0
28773,22950,17803,13805,10954,9176,7598,6074,5288,5239,3177,3177,3328,2091,1958,956,45,0,0,0,0
28742,23269,17426,13450,10793,9428,7712,6800,4649,4008,3369,2835,1690,1464,964,333,60,5,0,0,0
28770,23121,17500,13519,10878,9015,8162,6438,5749,3898,3730,3140,1786,2238,371,4756,3554,0,0,0,0
28725,23040,17532,13459,11337,9156,7619,6252,5540,5126,4041,3206,2267,1913,1723,5290,4264,10,0,0,0
28740,23226,17222,13740,10940,8843,7600,6264,5436,4192,2911,4021,2925,4067,3747,1360,35,19,0,0,0
28767,23034,17749,13633,11146,8959,8271,6768,5111,4131,3539,2890,2358,1973,444,112,50,5,0,0,0
28768,23031,17552,13755,11092,8958,7654,6335,4843,4120,4741,1649,2786,1835,638,113,3923,10,0,0,0
28752,23185,17684,13963,10762,9326,7914,6692,5446,4503,3304,3329,3351,1830,2227,1753,50,22,5,0,0
28811,23039,17751,13411,10816,9017,7936,6479,5538,4361,3285,4093,1744,1690,1306,271,6545,0,0,0,0
28696,23169,17662,13626,10921,9137,7402,6814,4938,4900,4056,2762,2157,2010,1642,1785,48,5,0,0,0
28766,22928,17731,13446,10958,8986,7611,6024,5995,4824,3954,3524,2940,865,1159,2656,25,10,10,0,0
28815,23001,17733,14114,10461,9333,7075,6623,5732,4509,3042,2190,3737,2057,592,144,25,5,0,0,0
28816,23050,17594,13591,10992,9467,7619,6143,5836,3639,2883,3140,2960,638,671,364,30,19083,5,0,0
28747,23145,17595,13794,11144,8785,8180,5852,4539,3928,3421,2354,3490,1236,3336,122,8377,10,10,0,0
28767,23175,17843,13734,10480,8867,7698,5701,5436,5028,3626,2781,1606,1854,423,4959,2476,20,5,0,0
28775,23092,17557,13269,10382,8544,7739,5965,5803,4311,3846,5140,2632,1958,689,110,1153,5,5,0,0
28763,23194,17645,13712,10894,9093,8018,6992,5742,4442,3924,1890,2324,1732,652,4597,60,10,0,0,0
28782,23154,17246,13416,11267,9058,7650,6958,5546,5061,3707,3971,1227,1525,1220,574,43,0,5,0,0
28779,22911,17446,14284,10843,9119,7896,6377,5177,3010,4270,3575,1857,4357,1044,3818,1041,15,0,0,0
28818,23026,17819,13903,11049,9177,7554,5980,4457,4457,3065,2463,2759,2452,605,1536,57,5,10,0,0
28724,23145,17500,14056,10509,9066,7489,7067,5324,5067,2926,2889,2508,2047,1924,2981,44,5,0,0,0
28754,23308,17525,13686,11161,8858,7785,6730,4241,5247,4362,4090,3862,438,371,1397,3384,5,5,0,0
28757,23062,17408,13563,11027,9341,7641,6844,4978,4224,3053,2095,1808,2572,1143,1050,48,0,0,0,0
28733,23266,17844,13873,10846,8706,8187,6245,5776,4594,3467,4005,1688,1629,1370,2363,7891,5,5,0,0
28789,23256,17574,14008,10983,9043,7540,6355,4915,3845,3831,2914,1900,2334,2625,360,48,13,0,0,0
28813,22982,17605,14186,10576,9172,8143,6161,5060,4815,3214,3029,2039,880,225,118,45,10,5,0,0
28748,23332,17572,13413,10890,9188,8366,6169,4927,3696,3201,3026,2837,2043,250,6779,60,11593,5,0,0
28729,23245,17432,14143,10924,9237,7422,5935,5404,5956,3442,3800,2457,1047,536,115,35,9095,0,0,0
28739,23304,17679,13444,11277,8832,7798,6296,5253,4087,3370,2579,2236,554,287,2061,45,5,0,0,0
28767,23092,17757,13673,10881,9609,7704,6457,4622,4272,3732,2563,1029,1913,1585,2070,40,15,0,0,0
28785,23137,17293,14002,11137,9371,7905,6091,5493,4163,3582,2498,2450,1665,699,2235,35,5,0,0,0
28760,23341,17586,13570,10789,8880,7419,6448,4969,3948,2531,1850,2734,995,551,1973,4022,15,0,5,0
28752,23142,17409,13931,10914,9153,7398,6100,5332,4774,3562,2962,2135,1593,2445,1612,60,10,0,0,0
28734,23250,17511,13317,10739,9363,7484,6259,5575,4049,4199,2389,2648,1666,1251,746,35,10,5,0,0
28821,23078,17382,13285,10954,9003,7287,6865,5140,4801,2674,3414,2745,799,2979,132,40,20,0,0,0
28812,23091,17397,13820,10981,8998,7625,5697,4935,4551,3483,4228,2897,2337,1309,137,30,15,0,0,0
28767,23050,17381,13575,11225,8891,7801,6375,5179,3953,4149,2962,1776,3109,1069,105,50,15,0,0,0
28758,23256,17413,13644,10690,8962,7403,5908,5671,4237,4604,2770,1581,2027,579,7553,45,0,0,0,0
28788,23086,17504,14002,11062,8796,7590,6176,5034,4409,2560,2033,1882,1487,2194,110,60,10,0,0,0
28765,23182,17396,13656,11164,9456,7389,6453,5476,3626,3869,2073,2189,1066,772,1571,2519,5,5,0,0
28796,23186,17434,14123,10955,9344,7944,6831,5233,4184,3100,2423,2455,2545,2174,1854,3172,5,0,0,0
28764,23227,17855,13725,10652,8782,7222,6497,5709,5281,3564,1962,2445,4027,1101,2872,5568,5,10,5,0
28757,23196,17701,13760,10605,9582,7361,6220,5286,3418,3736,2955,2521,521,907,2787,547,20,0,0,0
28787,22904,17595,13912,10540,8856,7843,6843,5108,4262,3510,3410,2362,1358,2528,326,35,5,0,0,0
28772,23011,17592,13681,10763,9024,7408,6558,4642,4092,3812,4561,2840,1917,336,5493,20,5,0,0,0
28800,23059,17303,13826,10895,9109,7823,5998,6164,4476,3963,3033,1423,2426,749,124,20,5,5,0,0
28767,23088,17630,13547,11000,9162,7925,6675,4911,4411,3474,1985,2845,3525,2063,1485,50,0,0,0,0
28742,23141,17750,13519,10695,8763,7565,6780,5852,4113,3528,2411,2051,1487,3506,97,55,28542,0,0,0
28769,23175,17898,13743,10541,8986,7241,6043,4744,3998,3180,3128,1692,2230,194,2540,5108,15,0,0,0
28732,23094,17716,13675,11032,9334,7731,5902,5018,4836,3620,2727,2103,621,2600,102,45,30,0,0,0
28796,23237,17661,13325,10938,9043,7431,7289,5301,5546,3495,2086,1184,2157,1610,1178,45,5,0,0,0
28806,23172,17701,13404,11215,9479,7937,5787,5770,4099,4069,2345,3045,2784,2976,7499,40,5,0,0,0
28740,23104,17665,13814,11134,9153,7551,7082,5588,4353,3251,2937,2288,2392,3234,3260,47,10,0,0,0
28796,23067,17391,13248,11009,8981,7930,6067,5505,4770,3293,3567,1640,1353,1926,426,45,5,0,0,0
28764,23251,17225,13713,10438,8633,8146,6691,5945,3812,3240,3681,2228,2696,2520,924,9187,15,0,0,0
28775,23146,17618,13650,10816,9011,7566,5954,5298,4494,3305,4810,1827,1057,1156,3375,30,0,0,0,0
28784,23179,17556,13913,11162,8785,7625,6480,5109,4631,3018,2882,1595,1805,310,112,2299,15,5,0,0
28806,23041,17755,13264,10675,9449,7880,7134,4908,4553,3325,3466,2293,2447,938,144,50,5,0,0,0
28787,23171,17489,13668,11483,8624,7398,6992,5253,4608,3857,2669,2397,965,771,2130,25,20,5,0,0
28757,23127,17491,13339,11121,9287,7454,6579,4864,3641,3339,2594,2467,1392,3395,104,65,5,0,0,0
28765,23018,17361,13967,11105,8874,7891,6410,5660,3858,3515,3063,3242,965,230,134,42,10,15,0,0
28773,22979,17516,13384,11142,9266,7866,5815,5321,4661,3989,4035,3272,2562,2197,117,8322,20,0,0,0
28796,23086,17348,13675,10983,9108,7567,5942,5754,4076,3267,2208,3377,1131,562,1953,55,0,30272,0,0
28785,23255,17903,13573,10816,9723,6913,6219,4508,4658,3070,2865,3391,2386,2819,982,2530,5,0,0,0
28740,23213,17414,13520,11174,8906,7365,6100,5017,4462,3117,3605,1533,2900,2484,95,47,15,0,0,0
28730,23107,17466,13475,10878,8769,8464,6691,5130,3921,3864,2042,2097,1383,2343,153,8487,15,0,0,0
28751,23153,17611,13546,11480,9226,7718,5778,5166,4711,4528,3221,2066,2654,1553,142,79,5,0,0,0
28795,23165,17504,13537,11081,9401,7319,6682,4631,4567,4053,1992,1189,2780,533,117,35,0,0,0,0
28762,23153,17855,14124,11505,9083,8184,5968,5075,4662,4591,2882,2553,1539,897,130,14908,10,0,0,0
28794,23030,17378,13713,10909,9187,7147,6374,4933,3897,3774,4054,2598,1564,838,2372,4974,5,5,0,0
28767,23224,17387,13605,10933,9117,7648,7091,5936,4228,3745,2898,1800,437,2423,1530,7573,5,0,0,0
28761,23223,17361,13606,11020,8924,7438,6508,5202,4804,3803,2479,2136,1389,503,2409,2538,10,5,0,0
28772,22963,17720,13689,10885,8429,7565,6141,5401,4069,3221,2713,4170,1622,855,2223,357,10,5,0,0
28727,23271,17533,13663,11203,9203,7539,6190,4757,4319,3620,4046,1257,1959,1974,82,45,30266,0,0,0
28773,23185,17270,13332,11031,9305,7191,6865,4786,4237,4090,2582,2229,1457,1963,482,63,20,0,0,0
28771,23146,17730,13699,11171,9580,7353,6857,5268,4197,3461,2871,2171,5444,2018,73,57,5,5,0,0
28781,23175,17506,13313,10903,9162,7620,6273,4703,4445,3445,3240,2023,4961,2015,429,6787,5,5,0,0
28769,23174,17241,13353,11069,9715,7694,6681,5372,5393,3351,2434,2880,2475,2194,383,22,5,0,0,0
28785,23141,17396,13684,10677,8589,7502,6095,5252,4664,3400,3135,2061,1089,1122,3601,25,5,0,0,0
28796,23045,17487,13717,11010,8859,7712,6237,5503,3698,3086,3263,2393,2246,2221,309,40,10,0,0,0
28724,23131,17400,13605,11107,9440,7851,6617,5461,4987,2747,2472,2593,2105,1119,2616,820,20,0,0,0
28722,23012,17466,13584,10614,9162,7629,6571,4847,4168,4422,2195,1830,1354,2200,1012,35,5,0,0,0
28794,23190,17130,13853,10652,9191,7533,6770,5176,4204,3934,1664,3632,1996,883,1807,35,30,0,0,0
28805,23140,17473,13921,10544,8990,8233,7166,5549,3966,4223,3271,1669,1631,2175,122,43,15,0,0,0
28751,23127,17551,13984,11143,9498,7975,6257,5996,3919,4108,2075,2862,1351,996,1251,35,20,0,0,0
28737,23232,17273,13897,11232,9617,7340,5973,5192,4117,4079,4123,2435,2180,354,4749,543,10,0,0,0
28786,23078,17276,13555,11412,9120,7634,6617,5116,4251,4013,3060,1827,3995,2427,110,9643,10,0,0,0
28763,23041,17502,14061,11130,8986,7281,6260,5700,4437,3093,2516,2886,4198,2160,642,1066,20,0,0,0
28803,23209,17399,13501,11502,8575,7209,6772,6016,5032,3516,2906,2886,1053,1675,1660,15559,25,0,5,0
28749,23052,17599,13819,11019,9625,7432,6476,5057,5363,3383,3582,3489,2255,1673,1561,37,15,5,0,0
28802,23210,17523,14049,10937,9470,8013,5705,5048,4682,2749,3392,1482,438,6099,683,55,10,5,0,0
28724,23048,17415,13550,11378,8894,7339,6643,5898,4075,3774,1854,4004,1065,337,4021,50,5,0,0,0
28739,23125,17909,13876,10733,9103,7479,6919,4997,3908,3476,2875,2061,883,282,1315,66,10,5,0,0
28753,23072,17304,13798,10985,8768,7878,6684,4914,5005,3876,1934,1144,937,333,6043,50,5,0,0,0
